product_id,name,brand,price,type
p00000,The Ordinary Natural Moisturising Factors + HA 30ml,The Ordinary,5.2,Moisturiser
p00001,CeraVe Facial Moisturising Lotion SPF 25 52ml,CeraVe,13.0,Moisturiser
p00002,The Ordinary Hyaluronic Acid 2% + B5 Hydration Support Formula 30ml,The Ordinary,6.2,Moisturiser
p00003,AMELIORATE Transforming Body Lotion 200ml,AMELIORATE,22.5,Moisturiser
p00004,CeraVe Moisturising Cream 454g,CeraVe,16.0,Moisturiser
p00005,CeraVe Moisturising Lotion 473ml,CeraVe,15.0,Moisturiser
p00006,CeraVe Facial Moisturising Lotion No SPF 52ml,CeraVe,13.0,Moisturiser
p00007,The Ordinary Natural Moisturizing Factors + HA 100ml,The Ordinary,6.8,Moisturiser
p00008,CeraVe Smoothing Cream 177ml,CeraVe,12.0,Moisturiser
p00009,Clinique Moisture Surge 72 Hour Moisturiser 75ml,Clinique,37.0,Moisturiser
p00010,CeraVe Moisturising Cream 50ml,CeraVe,4.0,Moisturiser
p00011,CeraVe Moisturising Cream 340g,CeraVe,13.0,Moisturiser
p00012,First Aid Beauty Ultra Repair Cream (56.7g),First Aid Beauty,12.0,Moisturiser
p00013,Avène Antirougeurs Jour Redness Relief Moisturizing Protecting Cream (40ml),Avène,16.0,Moisturiser
p00014,Clinique Dramatically Different Moisturising Lotion+ 125ml with Pump,Clinique,30.0,Moisturiser
p00015,First Aid Beauty Ultra Repair Cream (170g),First Aid Beauty,25.0,Moisturiser
p00016,Weleda Skin Food (75ml),Weleda,12.95,Moisturiser
p00017,Neutrogena Hydro Boost City Shield SPF Moisturiser,Neutrogena,12.99,Moisturiser
p00018,Egyptian Magic All Purpose Skin Cream 118ml/4oz,Egyptian Magic,30.0,Moisturiser
p00019,JASON Aloe Vera 98% Moisturising Gel Tube 113g,JASON,2.99,Moisturiser
p00020,CeraVe Moisturising Cream 177ml,CeraVe,9.0,Moisturiser
p00021,Embryolisse Lait-Crème Concentré (75ml),Embryolisse,20.0,Moisturiser
p00022,La Roche-Posay Effaclar H Moisturiser 40ml,La Roche-Posay,9.99,Moisturiser
p00023,Bulldog Original Moisturiser 100ml,Bulldog,4.5,Moisturiser
p00024,Clinique Dramatically Different Moisturising Gel 125ml with Pump,Clinique,30.0,Moisturiser
p00025,La Roche-Posay Effaclar Duo+ SPF30 40ml,La Roche-Posay,17.5,Moisturiser
p00026,Avene Very High Protection B-Protect SPF 50+ 30ml,Avene,14.0,Moisturiser
p00027,Avène Tolérance Extrême Emulsion 50ml,Avène,11.25,Moisturiser
p00028,Estée Lauder DayWear Advanced Multi-Protection Anti-Oxidant Creme SPF15 N/C 50ml,Estée Lauder,40.5,Moisturiser
p00029,Embryolisse Lait-Crème Concentré (30ml),Embryolisse,13.0,Moisturiser
p00030,The Chemistry Brand Intense Youth Complex Hand Cream 100ml,The Chemistry Brand,18.99,Moisturiser
p00031,Avène Tolérance Extrême Cream 50ml,Avène,15.0,Moisturiser
p00032,La Roche-Posay Toleriane Ultra Overnight Moisturiser 40ml,La Roche-Posay,19.0,Moisturiser
p00033,First Aid Beauty Hello FAB Coconut Water Cream,First Aid Beauty,30.0,Moisturiser
p00034,Elemis Pro-Collagen Marine Cream SPF30 50ml,Elemis,87.0,Moisturiser
p00035,Avène Aqua Gel 50ml,Avène,20.0,Moisturiser
p00036,La Roche-Posay Effaclar K(+) Anti-Blackhead Moisturiser 40ml,La Roche-Posay,17.0,Moisturiser
p00037,The INKEY List Snow Mushroom,The INKEY List,9.99,Moisturiser
p00038,Weleda Skin Food (30ml),Weleda,7.95,Moisturiser
p00039,Egyptian Magic All Purpose Skin Cream 59ml/2oz,Egyptian Magic,20.0,Moisturiser
p00040,La Roche-Posay Nutritic Intense Rich 50ml,La Roche-Posay,18.0,Moisturiser
p00041,Origins GinZing™ Energy-Boosting Tinted Moisturiser SPF40 50ml,Origins,32.0,Moisturiser
p00042,Estée Lauder DayWear Multi-Protection Anti-Oxidant Creme SPF 15 30ml,Estée Lauder,25.2,Moisturiser
p00043,Elizabeth Arden Eight Hour Great 8 Daily Defense Moisturizer 45ml,Elizabeth Arden,36.0,Moisturiser
p00044,Skin Doctors Sd White & Bright (50ml),Skin Doctors,21.99,Moisturiser
p00045,Origins GinZing Ultra Hydrating Energy-Boosting Cream Moisturiser 50ml,Origins,25.0,Moisturiser
p00046,Elizabeth Arden Eight Hour Cream Skin Protectant (50ml),Elizabeth Arden,28.0,Moisturiser
p00047,PRAI AGELESS Throat & Decolletage Crème 50ml,PRAI,24.99,Moisturiser
p00048,La Roche-Posay Toleriane Sensitive Fluid Moisturiser 40ml,La Roche-Posay,16.5,Moisturiser
p00049,La Roche-Posay Effaclar MAT+ 40ml,La Roche-Posay,17.0,Moisturiser
p00050,Mama Mio The Tummy Rub Butter 120ml - Fragrance Free,Mama Mio,24.0,Moisturiser
p00051,Clinique Moisture Surge 72 Hour Auto Replenishing Hydrator 50ml,Clinique,37.0,Moisturiser
p00052,Elemis Pro-Collagen Marine Cream 50ml,Elemis,87.0,Moisturiser
p00053,La Roche-Posay Toleriane Ultra Fluid 40ml,La Roche-Posay,18.5,Moisturiser
p00054,Clinique Moisture Surge 72-Hour Auto-Replenishing Hydrator 15ml,Clinique,12.0,Moisturiser
p00055,Clinique for Men Moisturising Lotion 100ml,Clinique,25.4,Moisturiser
p00056,Bulldog Oil Control Moisturiser 100ml,Bulldog,4.5,Moisturiser
p00057,Bulldog Age Defence Moisturiser 100ml,Bulldog,6.75,Moisturiser
p00058,The INKEY List Multi-Biotic Moisturiser 30ml,The INKEY List,12.99,Moisturiser
p00059,Caudalie Vinosource Moisturising Sorbet 40ml,Caudalie,23.0,Moisturiser
p00060,Neutrogena Refreshingly Clear Oil-Free Moisturiser 50ml,Neutrogena,5.24,Moisturiser
p00061,The INKEY List Turmeric Moisturiser 30ml,The INKEY List,7.99,Moisturiser
p00062,The Ordinary Vitamin C Suspension Cream 30% in Silicone 30ml,The Ordinary,6.1,Moisturiser
p00063,La Roche-Posay Toleriane Sensitive Moisturiser 40ml,La Roche-Posay,16.5,Moisturiser
p00064,Avene Hydrance Hydrating Cream 40ml,Avene,15.5,Moisturiser
p00065,Caudalie Vinoperfect Dark Spot Correcting Glycolic Night Cream 50ml,Caudalie,34.0,Moisturiser
p00066,L'Oréal Men Expert Pure & Matte Anti-Shine Moisturising Gel (50ml),L'Oréal,4.99,Moisturiser
p00067,Estée Lauder Revitalising Supreme + Global Anti-ageing Cell Power Crème 30ml,Estée Lauder,44.1,Moisturiser
p00068,The Chemistry Brand Heel Hydration Complex 100ml,The Chemistry Brand,14.99,Moisturiser
p00069,Elizabeth Arden Visible Difference Refining Moisture Cream (75ml),Elizabeth Arden,30.0,Moisturiser
p00070,Antipodes Baptise H20 Ultra-Hydrating Water Gel 60ml,Antipodes,25.58,Moisturiser
p00071,L'Oréal Paris Dermo Expertise Triple Active Hydrating Night Moisturiser (50ml),L'Oréal Paris,7.49,Moisturiser
p00072,Bulldog Sensitive Moisturiser 100ml,Bulldog,4.5,Moisturiser
p00073,Dr.Jart+ Ceramidin Cream 50ml,Dr.Jart+,35.5,Moisturiser
p00074,"
Erno Laszlo Phelityl Night Cream 50ml",Erno,135.0,Moisturiser
p00075,Antipodes Avocado Pear Nourishing Night Cream 60ml,Antipodes,34.99,Moisturiser
p00076,Fade Out ADVANCED Even Skin Tone Night Cream 50ml,Fade Out,9.99,Moisturiser
p00077,NIOD Hydration Vaccine Face Cream 50ml,NIOD,35.0,Moisturiser
p00078,The INKEY List Peptide Moisturizer 50ml,The INKEY List,14.99,Moisturiser
p00079,Clinique Moisture Surge Intense Skin Fortifying Hydrator 50ml,Clinique,37.0,Moisturiser
p00080,Clinique Moisture Surge 72-Hour Auto Replenishing Hydrator 30ml,Clinique,25.0,Moisturiser
p00081,L'Oréal Paris Hydra Genius Liquid Care Moisturiser for Normal Combination Skin 70ml 2 Pack Exclusive,L'Oréal Paris,13.99,Moisturiser
p00082,Murad Hydro-Dynamic™ Ultimate Moisture (50ml),Murad,60.0,Moisturiser
p00083,Clinique Redness Solutions Daily Relief Cream 50ml,Clinique,42.0,Moisturiser
p00084,DECLÉOR Hydra Floral Anti-Pollution Hydrating Rich Cream,DECLÉOR,32.2,Moisturiser
p00085,Elemis Pro-Collagen Oxygenating Night Cream 50ml,Elemis,99.0,Moisturiser
p00086,Weleda Skin Food 75ml - Light,Weleda,12.95,Moisturiser
p00087,Clinique Moisture Surge SPF25 Sheertint Hydrator - Universal Light Medium 40ml,Clinique,30.0,Moisturiser
p00088,The INKEY List Bakuchiol Moisturiser 30ml,The INKEY List,9.99,Moisturiser
p00089,COSRX Advanced Snail 92 All in One Cream 100ml,COSRX,27.0,Moisturiser
p00090,bareMinerals Butter Drench Intense Moisurising Day Cream,bareMinerals,32.0,Moisturiser
p00091,Eucerin Anti-Pigment SPF30 Day Cream 50ml,Eucerin,25.0,Moisturiser
p00092,Clinique for Men Oil-Control Moisturiser 100ml,Clinique,25.5,Moisturiser
p00093,Sukin Sensitive Facial Moisturiser (125ml),Sukin,7.95,Moisturiser
p00094,Fade Out ADVANCED Even Skin Tone Day Cream SPF 25 50ml,Fade Out,9.99,Moisturiser
p00095,First Aid Beauty Coconut Skin Smoothie Priming Moisturiser,First Aid Beauty,20.5,Moisturiser
p00096,Avène Rich Revitalizing Nourishing Cream 50ml,Avène,17.5,Moisturiser
p00097,REN Clean Skincare Evercalm Global Protection Day Cream,REN,34.0,Moisturiser
p00098,Fade Out ADVANCED + Age Protection Even Skin Tone Day Cream SPF 25 50ml,Fade Out,12.99,Moisturiser
p00099,Bulldog Protective Moisturiser 100ml,Bulldog,6.75,Moisturiser
p00100,Alpha-H Daily Essential Moisturiser Spf50+ (50ml),Alpha-H,29.0,Moisturiser
p00101,Pai Skincare Chamomile and Rosehip Calming Day Cream 50ml,Pai Skincare,38.0,Moisturiser
p00102,Estée Lauder DayWear Anti-Oxidant 72H-Hydration Sorbet Creme SPF 15 50ml,Estée Lauder,40.5,Moisturiser
p00103,Liz Earle Skin Repair Light,Liz Earle,23.0,Moisturiser
p00104,Elemis Peptide4 Plumping Pillow Facial,Elemis,52.0,Moisturiser
p00105,Murad Oil and Pore Control Mattifier SPF45 PA 50ml,Murad,35.0,Moisturiser
p00106,Clinique for Men Anti-Age Moisturiser 100ml,Clinique,32.5,Moisturiser
p00107,AMELIORATE Transforming Body Cream 225ml,AMELIORATE,27.5,Moisturiser
p00108,"JASON Age Renewal Vitamin E 25,000iu Cream (120g)",JASON,9.99,Moisturiser
p00109,Clinique Smart SPF 15 Custom Repair Moisturiser - Dry to Combination Skin - 50ml,Clinique,52.0,Moisturiser
p00110,Mama Mio The Tummy Rub Butter 120ml - Lavender and Mint,Mama Mio,24.0,Moisturiser
p00111,Neal's Yard Remedies Vitamin E and Avocado Night Cream 50g,Neal's Yard Remedies,22.0,Moisturiser
p00112,First Aid Beauty Ultra Repair Face Moisturiser (50ml),First Aid Beauty,20.0,Moisturiser
p00113,Bioderma Hydrabio Gel Cream 40ml,Bioderma,15.2,Moisturiser
p00114,Estée Lauder NightWear Plus Anti-Oxidant Night Detox Crème 50ml,Estée Lauder,44.1,Moisturiser
p00115,The Ordinary 10% Agireline Solution 30ml,The Ordinary,5.8,Serum
p00116,The Ordinary Buffet Supersize Serum 60ml,The Ordinary,24.4,Serum
p00117,The Ordinary 100% Pycnogenol 5% 15ml,The Ordinary,8.9,Serum
p00118,Medik8 C-Tetra Serum 30ml,Medik8,35.0,Serum
p00119,Estée Lauder Advanced Night Repair Synchronized Recovery Complex II 30ml,Estée Lauder,52.2,Serum
p00120,Estée Lauder Advanced Night Repair Synchronized Recovery Complex II 50ml,Estée Lauder,70.2,Serum
p00121,The Ordinary Hyaluronic Acid 2% + B5 Supersize Serum 60ml,The Ordinary,11.0,Serum
p00122,The Ordinary Marine Hyaluronics 30ml,The Ordinary,6.2,Serum
p00123,Avene Hydrance Intense Serum 30ml,Avene,20.0,Serum
p00124,VICHY Minéral 89 Hyaluronic Acid Hydration Booster 50ml,VICHY,25.0,Serum
p00125,La Roche-Posay Pure Vitamin C10 Serum 30ml,La Roche-Posay,38.0,Serum
p00126,PIXI Overnight Glow Serum,PIXI,26.0,Serum
p00127,Clinique Even Better Clinical Radical Dark Spot Corrector + Interrupter 50ml,Clinique,64.0,Serum
p00128,Medik8 Hydr8 B5 Serum 30ml,Medik8,40.0,Serum
p00129,NIP+FAB Dragons Blood Fix Serum 50ml,NIP+FAB,19.95,Serum
p00130,By Terry Cellularose CC Serum 30ml (Various Shades),By,61.0,Serum
p00131,NIP+FAB Salicylic Fix Serum Extreme 2% 50ml,NIP+FAB,19.95,Serum
p00132,NIOD Multi-Molecular Hyaluronic Complex 15ml,NIOD,25.0,Serum
p00133,Medik8 Crystal Retinal 6,Medik8,59.0,Serum
p00134,PIXI Collagen and Retinol Serum 30ml,PIXI,26.0,Serum
p00135,Elizabeth Arden Ceramide Capsules Advanced (90 Capsules),Elizabeth Arden,84.0,Serum
p00136,Elizabeth Arden Retinol Ceramide Capsules Line Erasing Night Serum - 30 Pieces (Sleeved Version),Elizabeth Arden,42.0,Serum
p00137,Tan-Luxe Super Glow Body Hyaluronic Self-Tan Serum 150ml,Tan-Luxe,35.0,Serum
p00138,La Roche-Posay Rosaliac AR Intense Serum 40ml,La Roche-Posay,19.5,Serum
p00139,La Roche-Posay Toleriane Ultra Cream,La Roche-Posay,18.5,Serum
p00140,Clinique Even Better Clinical Radical Dark Spot Corrector + Interrupter 30ml,Clinique,45.0,Serum
p00141,Elizabeth Arden Retinol Ceramide Capsules Line Erasing Night Serum - 60 Pieces (Sleeved Version),Elizabeth Arden,72.0,Serum
p00142,VICHY Minéral 89 Hyaluronic Acid Hydration Booster 75ml,VICHY,30.0,Serum
p00143,PIXI Glow Tonic Serum 30ml,PIXI,26.0,Serum
p00144,DECLÉOR Aromessence Neroli Amara Serum 15ml,DECLÉOR,36.4,Serum
p00145,The Ordinary Amino Acids + B5,The Ordinary,5.9,Serum
p00146,Lancôme Advanced Génifique Eye and Lash Serum - Light Pearl 20ml,Lancôme,44.55,Serum
p00147,REN Clean Skincare Radiance Perfection Serum,REN,38.0,Serum
p00148,Sanctuary Spa Hyaluronic Wonder Oil Serum 30ml,Sanctuary Spa,20.0,Serum
p00149,La Roche-Posay Hydraphase Intense Serum (30ml),La Roche-Posay,22.0,Serum
p00150,L'Oréal Paris Hydra Genius Liquid Care Moisturiser Combination Skin 70ml,L'Oréal Paris,9.99,Serum
p00151,bareMinerals SkinLongevity Vital Power Infusion Serum 50ml,bareMinerals,48.0,Serum
p00152,REN Clean Skincare Evercalm Anti-Redness Serum,REN,32.0,Serum
p00153,Elizabeth Arden Advanced Ceramide Capsules Daily Youth Restoring Eye Serum (60 Pack),Elizabeth Arden,52.0,Serum
p00154,Estée Lauder Perfectionist Pro Multi-Defense Aqua UV Gel SPF 50 with 8 Anti-Oxidants,Estée Lauder,32.4,Serum
p00155,NIP+FAB Retinol Fix Serum Extreme 50ml,NIP+FAB,29.95,Serum
p00156,Origins Plantscription Anti-Aging Power Serum 50ml,Origins,65.0,Serum
p00157,Estée Lauder Perfectionist Pro Rapid Brightening Treatment with Ferment2+ Vitamin C 50ml,Estée Lauder,77.4,Serum
p00158,Peter Thomas Roth Retinol Fusion PM 30ml,Peter Thomas Roth,55.5,Serum
p00159,Elizabeth Arden Skin Illuminating Advanced Brightening Night Capsules (50 Capsules),Elizabeth Arden,60.0,Serum
p00160,Caudalie VineActiv Glow Activating Anti-Wrinkle Serum 30ml,Caudalie,36.0,Serum
p00161,Sukin Super Greens Recovery Serum 30ml,Sukin,13.95,Serum
p00162,Pai Skincare Back to Life Hydration Serum 30ml,Pai Skincare,42.0,Serum
p00163,OSKIA Super 16 Serum (30ml),OSKIA,90.0,Serum
p00164,La Roche-Posay Pigmentclar Serum 30ml,La Roche-Posay,30.0,Serum
p00165,"Clinique Repairwear Laser Focus Smooths, Restores, Refines 50ml",Clinique,47.0,Serum
p00166,DECLÉOR Aromessence Green Mandarin Essential Oil Serum 15ml,DECLÉOR,38.5,Serum
p00167,DECLÉOR Organic Aromessence Rose d'Orient Soothing Comfort Oil Serum,DECLÉOR,36.4,Serum
p00168,Lancôme Advanced Génifique Youth Activating Serum 30ml,Lancôme,53.55,Serum
p00169,Lancôme Advanced Génifique Youth Activating Serum 50ml,Lancôme,75.15,Serum
p00170,Lancôme Advanced Génifique Youth Activating Serum 75ml,Lancôme,90.45,Serum
p00171,Lancôme Advanced Génifique Youth Activating Serum 115ml,Lancôme,114.3,Serum
p00172,COSRX AC Collection Blemish Spot Clearing Serum 40ml,COSRX,27.0,Serum
p00173,Holika Holika 3 Seconds Starter (Hyaluronic Acid),Holika Holika,12.95,Serum
p00174,Dermalogica AGE Bright Clearing Serum 30ml,Dermalogica,52.65,Serum
p00175,Dr. Hauschka Night Serum 20ml,Dr. Hauschka,29.5,Serum
p00176,Elizabeth Arden SuperStart Skin Renewal Booster 50ml,Elizabeth Arden,60.0,Serum
p00177,Lancôme Génifique Double Drop Serum 20ml,Lancôme,54.0,Serum
p00178,SkinCeuticals Discoloration Defense Corrective Serum 30ml,SkinCeuticals,85.0,Serum
p00179,Aurelia Probiotic Skincare Revitalise & Glow Serum 30ml,Aurelia,51.2,Serum
p00180,Estée Lauder Idealist Pore Minimizing Skin Refinisher 30ml,Estée Lauder,42.3,Serum
p00181,Estée Lauder Perfectionist [CP+R] Wrinkle Lifting/Firming Serum 30ml,Estée Lauder,55.8,Serum
p00182,DECLÉOR Aromessence Magnolia Youthful Oil Serum 15ml 0.5oz,DECLÉOR,49.0,Serum
p00183,Murad Retinol Youth Renewal Serum Travel Size,Murad,25.0,Serum
p00184,Caudalie Resvératrol Lift Firming Serum (30ml),Caudalie,46.0,Serum
p00185,Pai Skincare Instant Calm Redness Serum Sea Aster and Wild Oat 30ml,Pai Skincare,46.0,Serum
p00186,Gallinée Probiotic Youthful Serum 30ml,Gallinée,38.25,Serum
p00187,PIXI Hydrating Milky Serum 30ml,PIXI,26.0,Serum
p00188,Darphin Intral Redness Relief Soothing Serum,Darphin,74.0,Serum
p00189,Zelens Z Hyaluron Hyaluronic Acid Complex Serum Drops 30ml,Zelens,55.0,Serum
p00190,Dr Dennis Gross Skincare C+Collagen Brighten and Firm Vitamin C Serum 30ml,Dr Dennis Gross,79.0,Serum
p00191,Estée Lauder Perfectionist Pro Rapid Firm + Lift Serum Hexapeptide-8 50ml,Estée Lauder,77.4,Serum
p00192,GLAMGLOW Superserum 30ml,GLAMGLOW,48.0,Serum
p00193,Too Faced Hangover Good in Bed Ultra-Hydrating Replenishing Serum 29ml,Too Faced,32.0,Serum
p00194,Elizabeth Arden Prevage Face Advanced Anti-Aging Serum (50ml),Elizabeth Arden,170.0,Serum
p00195,Liz Earle Superskin Face Serum 30ml Pump,Liz Earle,45.0,Serum
p00196,Sukin Purely Ageless Firming Serum 30ml,Sukin,19.95,Serum
p00197,Bobbi Brown Extra Repair Serum 30ml,Bobbi Brown,68.5,Serum
p00198,Indeed Labs Eysilix Serum 2 15ml,Indeed Labs,19.99,Serum
p00199,Natio Advanced Lifting and Firming Serum (30ml),Natio,15.2,Serum
p00200,Holika Holika 3 Seconds Starter (Collagen),Holika Holika,12.95,Serum
p00201,REN Clean Skincare Keep Young and Beautiful Instant Firming Beauty Shot,REN,42.0,Serum
p00202,The Organic Pharmacy Four Acid Peel Serum 30ml,The Organic Pharmacy,30.0,Serum
p00203,Indeed Labs Snoxin Serum 2 30ml,Indeed Labs,24.99,Serum
p00204,Neal's Yard Remedies Beauty Sleep Concentrate 30ml,Neal's Yard Remedies,35.0,Serum
p00205,L'Oreal Paris Dermo Expertise Revitalift Laser Renew Anti-ageing Triple Action Super Serum (30ml),L'Oréal Paris,24.99,Serum
p00206,ELEMIS Pro-Collagen Definition Face and Neck Serum 30ml,ELEMIS,92.0,Serum
p00207,Lancôme Visionnaire Serum Plus 30ml,Lancôme,57.6,Serum
p00208,Aurelia Skincare Firm & Replenish Body Serum 250ml,Aurelia,38.4,Serum
p00209,Chantecaille Vital Essence 50ml,Chantecaille,96.0,Serum
p00210,Indeed Labs Pepta-Bright 30ml,Indeed Labs,24.99,Serum
p00211,Omorovicza Instant Perfection Serum (30ml),Omorovicza,87.0,Serum
p00212,Elizabeth Arden Skin Illuminating Advanced Brightening Day Serum (30ml),Elizabeth Arden,55.0,Serum
p00213,FOREO 'Serum Serum Serum' Micro-Capsule Youth Preserve,FOREO,49.0,Serum
p00214,Aveda Hand Relief Night Renewal Serum 30ml,Aveda,27.0,Serum
p00215,Sukin Hydration Biomarine Facial Serum 30ml,Sukin,19.95,Serum
p00216,Dermalogica Multivitamin Power Serum (22ml),Dermalogica,57.15,Serum
p00217,Sarah Chapman Skinesis Skin Tone Perfecting Booster (30ml),Sarah Chapman,64.0,Serum
p00218,DECLÉOR Hydra Floral White Petal Skin Perfecting Concentrate 30ml,DECLÉOR,36.4,Serum
p00219,Darphin Dark Circle Relief and De-Puffing Eye Serum 15ml,Darphin,42.0,Serum
p00220,Zelens Youth Concentrate Supreme Age-Defying Serum (30ml),Zelens,160.0,Serum
p00221,Darphin Hydraskin Serum 30ml,Darphin,48.0,Serum
p00222,L'Oréal Paris Revitalift Filler + Hyaluronic Acid Replumping Serum 16ml,L'Oréal Paris,19.99,Serum
p00223,Elizabeth Arden Prevage Advanced Daily Serum,Elizabeth Arden,180.0,Serum
p00224,L'Oréal Paris Age Perfect Nutrition Intense Supreme Repairing Serum,L'Oréal Paris,14.99,Serum
p00225,Green People Age Defy+ Line Eraser Lip & Eye Serum (10ml),Green People,27.6,Serum
p00226,The Organic Pharmacy Stabilised Vitamin C Serum 30ml,The Organic Pharmacy,45.0,Serum
p00227,Erno Laszlo AHA Resurfacing Sleep Serum,Erno,95.0,Serum
p00228,DHC Deep Cleansing Oil 30ml,DHC,5.0,Oil
p00229,DHC Deep Cleansing Oil 70ml,DHC,12.5,Oil
p00230,DHC Deep Cleansing Oil 200ml,DHC,24.0,Oil
p00231,Pai Skincare Rosehip BioRegenerate Oil 30ml,Pai Skincare,24.0,Oil
p00232,Clinique Take The Day Off Cleansing Oil 200ml,Clinique,23.0,Oil
p00233,"The Ordinary ""B"" Oil 30ml",The Ordinary,9.0,Oil
p00234,The Ordinary 100% Cold Pressed Virgin Marula Oil 30ml,The Ordinary,8.4,Oil
p00235,Caudalie Make-Up Removing Cleansing Oil 150ml,Caudalie,18.0,Oil
p00236,NUXE Huile Prodigieuse Multi Usage Dry Oil 50ml,NUXE,18.5,Oil
p00237,NUXE Huile Prodigieuse Multi Usage Dry Oil 100ml,NUXE,29.5,Oil
p00238,Face by Skinny Tan Moisturising Oil Drops 30ml,Face by Skinny Tan,14.99,Oil
p00239,The Ordinary 100% Organic Virgin Chia Seed Oil,The Ordinary,6.0,Oil
p00240,Mama Mio The Tummy Rub Oil 120ml,Mama Mio,27.0,Oil
p00241,NUXE Huile Prodigieuse Golden Shimmer Multi Usage Dry Oil 50ml,NUXE,22.5,Oil
p00242,"JASON Vitamin E 5,000iu Oil - All Over Body Nourishment 118ml",JASON,7.49,Oil
p00243,Elizabeth Arden Eight Hour All-Over Miracle Oil (100ml),Elizabeth Arden,29.0,Oil
p00244,Elemis Superfood Facial Oil 15ml,Elemis,45.0,Oil
p00245,bareMinerals OIL OBSESSED Oil Cleanser,bareMinerals,24.0,Oil
p00246,Bondi Sands Liquid Gold Self Tanning Oil 150ml,Bondi Sands,11.99,Oil
p00247,Indeed Labs Squalane Facial Oil 30ml,Indeed Labs,19.99,Oil
p00248,TanOrganic Self-Tanning Oil - Brown (100ml),TanOrganic,18.74,Oil
p00249,Caudalie VineActiv Overnight Detox Oil 30ml,Caudalie,30.0,Oil
p00250,Mama Mio The Tummy Rub Oil 200ml,Mama Mio,35.0,Oil
p00251,NUXE Sun Tanning Oil Face and Body SPF 30 (150ml),NUXE,19.5,Oil
p00252,Sarah Chapman Skinesis Supersize Overnight Facial Oil 30ml,Sarah Chapman,84.0,Oil
p00253,"JASON Vitamin E 32,000iu Oil - Scar & Stretch Mark Treatment 30ml",JASON,9.49,Oil
p00254,Bondi Sands Everyday Liquid Gold Gradual Tanning Oil 270ml,Bondi Sands,11.19,Oil
p00255,Trilogy Certified Organic Rosehip Oil 20ml,Trilogy,19.5,Oil
p00256,Elizabeth Arden Ceramide Cleansing Face Oil (195ml),Elizabeth Arden,25.0,Oil
p00257,Trilogy Certified Organic Rosehip Oil 45ml,Trilogy,34.5,Oil
p00258,BBB London Luscious Lash Oil 7.5ml,BBB London,24.0,Oil
p00259,PIXI Rose Oil Blend 30ml,PIXI,26.0,Oil
p00260,Sanctuary Spa Calming CBD Oil 45ml,Sanctuary Spa,12.5,Oil
p00261,Sukin Rose Hip Oil (25ml),Sukin,13.95,Oil
p00262,Sanctuary Spa 10-in-1 Super Secret Facial Oil 30ml,Sanctuary Spa,20.0,Oil
p00263,REN Clean Skincare Bio Retinoid Anti-Wrinkle Concentrate Oil,REN,47.0,Oil
p00264,BBB London Nourishing Brow Oil 11ml,BBB London,22.0,Oil
p00265,Sanctuary Spa Melt Away Cleansing Oil 150ml,Sanctuary Spa,12.0,Oil
p00266,DECLÉOR Aroma Nutrition Softening Dry Oil (100ml),DECLÉOR,28.0,Oil
p00267,Elemis Pro-Collagen Marine Oil 15ml,Elemis,67.0,Oil
p00268,DECLÉOR Aromessence Ylang Cananga Anti-Blemish Oil Serum,DECLÉOR,33.6,Oil
p00269,The Chemistry Brand Glow Oil 100ml,The Chemistry Brand,20.0,Oil
p00270,Sanctuary Spa Overnight Replenishing Miracle Oil 30ml,Sanctuary Spa,20.0,Oil
p00271,DHC Pore Cleansing Oil (150ml),DHC,25.0,Oil
p00272,L’Oréal Paris Extraordinary Oil Sleeping Oil Night Cream (50ml),L’Oréal,14.99,Oil
p00273,REN Clean Skincare Vita Mineral Omega 3 Optimum Skin Oil,REN,28.0,Oil
p00274,Bondi Sands Sunscreen SPF15 Oil 150ml,Bondi Sands,6.39,Oil
p00275,PIXI Jasmine Oil Blend 30ml,PIXI,26.0,Oil
p00276,Freezeframe Stretch Mark Eraser 80ml,Freezeframe,31.97,Oil
p00277,MONU Firming Fiji Facial Oil (180ml),MONU,26.95,Oil
p00278,Bondi Sands Sunscreen SPF30 Oil 150ml,Bondi Sands,6.39,Oil
p00279,L'Oréal Paris Extraordinary Oil Cream 50ml,L'Oréal Paris,14.99,Oil
p00280,Darphin The Revitalising Oil (50ml),Darphin,25.0,Oil
p00281,Balance Me Radiance Face Oil 30ml,Balance Me,24.0,Oil
p00282,AromaWorks Rejuvenate Face Serum Oil 30ml,AromaWorks,14.99,Oil
p00283,Peter Thomas Roth Oiless Oil 100% Purified Squalane,Peter Thomas Roth,32.0,Oil
p00284,Rodial Vitamin C Deluxe Drops 10ml,Rodial,27.0,Oil
p00285,Aurelia Probiotic Skincare Cell Repair Night Oil 50ml,Aurelia,49.6,Oil
p00286,Garnier Organic Lavandin Glow Oil 30ml,Garnier,11.99,Oil
p00287,Moroccanoil Shimmering Body Oil 50ml,Moroccanoil,37.0,Oil
p00288,LIXIRSKIN Night Switch Essential Lipids 15ml,LIXIRSKIN,24.0,Oil
p00289,Trilogy Rosehip Oil Antioxidant+ 30ml,Trilogy,31.5,Oil
p00290,Erno Laszlo Detoxifying Cleansing Oil 195ml,Erno,55.0,Oil
p00291,Manuka Doctor 24K Gold & Manuka Honey Face Oil 12ml,Manuka Doctor,15.99,Oil
p00292,Natio Ageless Rosehip Oil Cold Pressed 15ml,Natio,13.6,Oil
p00293,Weleda Almond Soothing Facial Oil (50ml),Weleda,18.95,Oil
p00294,Trilogy CoQ10 Booster Oil 20ml,Trilogy,31.5,Oil
p00295,DHC Olive Virgin Oil (30ml),DHC,36.5,Oil
p00296,Manuka Doctor Replenishing Facial Oil 25ml,Manuka Doctor,20.99,Oil
p00297,Elemis Pro-Definition Facial Oil 15ml,Elemis,67.0,Oil
p00298,First Aid Beauty Ultra Repair Oat & Cannabis Sativa Seed Oil 30ml,First Aid Beauty,30.0,Oil
p00299,Estée Lauder Revitalizing Supreme+ Nourishing and Hydrating Dual Phase Treatment Oil 30ml,Estée Lauder,44.1,Oil
p00300,Bobbi Brown Extra Face Oil 30ml,Bobbi Brown,46.5,Oil
p00301,Manuka Doctor ApiRefine Shake and Roll Lip Oil 10ml,Manuka Doctor,16.99,Oil
p00302,Darphin Rose Hydra-Nourishing Aromatic Care Oil 15ml,Darphin,42.0,Oil
p00303,Rodial Pink Diamond Oil 30ml,Rodial,75.0,Oil
p00304,La Roche-Posay Anthelios Anti-Shine Sun Protection Invisible SPF50+ Face Mist 75ml,La Roche-Posay,14.0,Mist
p00305,PIXI Glow Mist 80ml,PIXI,16.0,Mist
p00306,Garnier Ambre Solaire Sensitive Hydrating Hypoallergenic Face Sun Cream Mist SPF50 75ml,Garnier,6.0,Mist
p00307,La Roche-Posay Toleriane Ultra 8 Face Mist 100ml,La Roche-Posay,19.5,Mist
p00308,Neutrogena Hydro Boost Express Hydrating Spray 200ml,Neutrogena,5.49,Mist
p00309,PIXI Hydrating Milky Mist 80ml,PIXI,18.0,Mist
p00310,Garnier Ambre Solaire Natural Bronzer Quick Drying Dark Self Tan Face Mist 75ml,Garnier,5.0,Mist
p00311,Garnier Ambre Solaire Dry Mist Fast Absorbing Sun Cream Spray SPF30 200ml,Garnier,8.0,Mist
p00312,ELEMIS Superfood Kefir-Tea Mist 100ml,ELEMIS,26.0,Mist
p00313,PIXI Sun Mist 80ml,PIXI,18.0,Mist
p00314,Omorovicza Queen Of Hungary Mist (100ml),Omorovicza,59.0,Mist
p00315,Lumene Nordic Hydra Lähde Arctic Spring Water Enriched Facial Mist 50ml,Lumene,6.5,Mist
p00316,Omorovicza Queen of Hungary Mist 30ml,Omorovicza,20.0,Mist
p00317,Garnier Ambre Solaire Sensitive Hypoallergenic Dry Mist Sun Cream Spray SPF50 200ml,Garnier,7.0,Mist
p00318,Revolution Skincare Hyaluronic Essence Spray 100ml,Revolution Skincare,6.0,Mist
p00319,NUXE Huile Prodigieuse Florale Mist 100ml,NUXE,29.5,Mist
p00320,PIXI Vitamin Wakeup Mist 80ml,PIXI,16.0,Mist
p00321,Neal's Yard Remedies Goodnight Pillow Mist 45ml,Neal's Yard Remedies,15.0,Mist
p00322,Lumene Nordic Hydra [Lähde] Arctic Spring Water Enriched Facial Mist 100ml,Lumene,12.0,Mist
p00323,Lumene Nordic C Valo Glow Refresh Hydrating Mist 50ml,Lumene,9.0,Mist
p00324,Elizabeth Arden Eight Hour Miracle Hydrating Mist 100ml,Elizabeth Arden,21.0,Mist
p00325,Garnier Natural Vegan Rose Soothing Hydrating Glow Mist 150ml,Garnier,5.99,Mist
p00326,Dermalogica Age Smart Antioxidant Hydramist 150ml,Dermalogica,36.0,Mist
p00327,Zelens Z Balance Prebiotic and Probiotic Facial Mist 50ml,Zelens,48.0,Mist
p00328,Bondi Sands Self Tanning Mist 250ml - Light/Medium,Bondi Sands,11.99,Mist
p00329,Revolution Skincare CBD Essence Spray 100ml,Revolution Skincare,6.0,Mist
p00330,Peter Thomas Roth Water Drench Hydrating Toner Mist 150ml,Peter Thomas Roth,21.56,Mist
p00331,Elemis Pro-Collagen Rose Hydro-Mist 50ml,Elemis,43.0,Mist
p00332,Chantecaille Pure Rosewater 100ml,Chantecaille,65.0,Mist
p00333,Neal's Yard Remedies Frankincense Hydrating Facial Mist 45ml,Neal's Yard Remedies,13.0,Mist
p00334,Crystal Clear Revitalising Tonic 200ml,Crystal Clear,20.99,Mist
p00335,Garnier Organic Argan Mist 150ml,Garnier,5.99,Mist
p00336,Institut Esthederm Cellular Water Mist 100ml,Institut Esthederm,18.0,Mist
p00337,Revolution Skincare x Jake Jamie Tropical Quench Essence Spray 100ml,Revolution Skincare,6.0,Mist
p00338,Jurlique Rosewater Balancing Mist (100ml),Jurlique,30.0,Mist
p00339,NUXE Refreshing Toning Mist 200ml,NUXE,15.5,Mist
p00340,Bondi Sands Self Tanning Mist 250ml - Dark,Bondi Sands,11.99,Mist
p00341,A'kin Hydrating Mist Toner 150ml,A'kin,12.5,Mist
p00342,Jurlique Rosewater Balancing Mist 100ml,Jurlique,32.0,Mist
p00343,Aveda Botanical Kinetics Toning Mist 150ml,Aveda,19.0,Mist
p00344,Rodial Dragon's Blood Essence 100ml,Rodial,38.0,Mist
p00345,Origins Ginzing™ Energy-Boosting Treatment Lotion Mist 150ml,Origins,18.5,Mist
p00346,ULTRASUN CLEAR SPRAY SPF30 - SPORTS FORMULA (150ML),ULTRASUN,26.0,Mist
p00347,Salcura Antiac Activ Liquid Spray (50ml),Salcura,10.99,Mist
p00348,Revolution Skincare Caffeine Essence Spray 100ml,Revolution Skincare,6.0,Mist
p00349,Sea Magik Sunsafe SPF50 Clear Spray 150ml,Sea Magik,15.95,Mist
p00350,Pestle & Mortar Balance Facial Spritz,Pestle & Mortar,28.0,Mist
p00351,DHC Super Collagen Mist 50ml,DHC,20.0,Mist
p00352,Revolution Skincare Superfruit Essence Spray 100ml,Revolution Skincare,6.0,Mist
p00353,Murad Prebiotic 3-in-1 MultiMist 100ml,Murad,30.0,Mist
p00354,Bloom and Blossom Rejuvenating Facial Spritz (100ml),Bloom,12.0,Mist
p00355,Zelens PROVITAMIN D Fortifying Facial Mist 50ml,Zelens,55.0,Mist
p00356,Emma Hardie Plump and Glow Hydrating Mist 90ml,Emma Hardie,42.0,Mist
p00357,Natio Refreshing Face Mist (75ml),Natio,8.4,Mist
p00358,Holika Holika Good Cera Super Ceramide Mist,Holika Holika,17.95,Mist
p00359,Piz Buin After Sun Instant Relief Mist Spray,Piz Buin,14.5,Mist
p00360,Eve Lom Face Mist 15ml,Eve Lom,12.0,Mist
p00361,Sarah Chapman Skinesis Liquid Facial D-Stress 75ml,Sarah Chapman,42.0,Mist
p00362,James Read Instant Bronzing Mist 200ml,James Read,25.0,Mist
p00363,Jurlique Calendula Redness Rescue Calming Mist (100ml),Jurlique,35.0,Mist
p00364,Lumene Nordic C [Valo] Glow Refresh Hydrating Mist 100ml,Lumene,17.9,Mist
p00365,OSKIA SPF Vitamin Mist 100ml,OSKIA,46.0,Mist
p00366,Holika Holika Aloe Soothing Essence 98% Mist,Holika Holika,19.95,Mist
p00367,ARK Skincare Hydrating Beauty Mist 150ml,ARK,25.0,Mist
p00368,BBB London Rosewater Mist 50ml,BBB London,22.0,Mist
p00369,Natura Bissé C+C Vitamin Splash 200ml,Natura Bissé,42.0,Mist
p00370,Laura Mercier Perfecting Water Moisture Mist 200ml,Laura Mercier,31.0,Mist
p00371,Clinique Virtu-Oil Body Mist SPF30 144ml,Clinique,23.0,Mist
p00372,Mauli Supreme Skin Rose Mist,Mauli,36.0,Mist
p00373,Avant Skincare PH Balancing & Brightening Rose Infusion Day Mist 30ml,Avant Skincare,80.0,Mist
p00374,Jurlique Lavender Hydrating Mist 100ml,Jurlique,32.0,Mist
p00375,Salcura Antiac Acne Clearing Spray (100ML),Salcura,16.99,Mist
p00376,Löwengrip Moisture on the go Facial Mist 100ml,Löwengrip,16.0,Mist
p00377,Armani Prima Mist 100ml,Armani,34.0,Mist
p00378,The Ritual of Namasté Urban Hydrating Mist 100ml,Rituals,19.9,Mist
p00379,Acorelle Pure Harvest Body Perfume - 100ml,Acorelle,10.0,Mist
p00380,Jurlique Lavender Hydrating Mist 50ml,Jurlique,23.0,Mist
p00381,Natura Bissé Tolerance Toner 200ml,Natura Bissé,46.0,Mist
p00382,NIOD Superoxide Dismutase Saccharide Mist 240ml,NIOD,34.0,Mist
p00383,Eve Lom Radiance Face Mist 48ml,Eve Lom,38.0,Mist
p00384,Clinique Take The Day Off Cleansing Balm 125ml,Clinique,25.0,Balm
p00385,NUXE Baume Levres Reve De Miel - Honey Lip Balm (15g),NUXE,10.0,Balm
p00386,La Roche-Posay Cicaplast Baume B5 Soothing Repairing Balm 40ml,La Roche-Posay,7.5,Balm
p00387,ELEMIS Pro-Collagen Rose Cleansing Balm 105g,ELEMIS,44.0,Balm
p00388,Burt's Bees Beeswax Lip Balm Tube 4.25g,Burt's Bees,3.99,Balm
p00389,La Roche-Posay Cicaplast Baume B5 Soothing Repairing Balm 100ml,La Roche-Posay,14.0,Balm
p00390,La Roche-Posay Cicaplast Baume B5 Repairing Balm SPF 50 40ml,La Roche-Posay,8.0,Balm
p00391,Burt's Bees Pomegranate Lip Balm Tube 4.25g,Burt's Bees,3.99,Balm
p00392,Dr. PAWPAW Outrageous Orange Balm 25ml,Dr. PAWPAW,4.0,Balm
p00393,Lanolips 101 Ointment Multi-Balm - Coconutter 10g,Lanolips,8.99,Balm
p00394,DECLÉOR Aromessence Neroli Amara Night Balm 15ml,DECLÉOR,32.2,Balm
p00395,Burt's Bees Honey Lip Balm Tube 4.25g,Burt's Bees,3.99,Balm
p00396,AMELIORATE Intensive Lip Treatment 15ml,AMELIORATE,15.0,Balm
p00397,Burt's Bees Lip Balm - Ultra Conditioning 4.25g,Burt's Bees,3.99,Balm
p00398,Burt's Bees Lip Balm - Mango Lip Balm Tubes 4.25g,Burt's Bees,3.99,Balm
p00399,Maybelline Baby Lips Cherry Me,Maybelline,3.99,Balm
p00400,Omorovicza Perfecting Lip Balm (10ml),Omorovicza,34.0,Balm
p00401,DECLÉOR Aromessence Ylang Ylang Night Balm 15ml,DECLÉOR,31.5,Balm
p00402,Mama Mio Keep Calm Nipple Balm 30ml,Mama Mio,12.0,Balm
p00403,yes to Coconut Cleansing Balm 120g,Yes To,9.99,Balm
p00404,Lanolips Rose Gold 101 Ointment For Lips + Cheeks 9g,Lanolips,13.0,Balm
p00405,Frank Body Lip Balm Original 15ml,Frank Body,6.95,Balm
p00406,REN Clean Skincare Evercalm Overnight Recovery Balm 30ml,REN,40.0,Balm
p00407,Rituals The Ritual of Sakura Hand Balm 175ml,Rituals,9.9,Balm
p00408,Lanolips 101 Ointment Multi-Balm - Peach 10g,Lanolips,8.99,Balm
p00409,DECLÉOR Green Mandarin Night Balm 15ml,DECLÉOR,35.0,Balm
p00410,Weleda Lip Balm (4.8g),Weleda,4.95,Balm
p00411,PIXI Rose Flash Balm 45ml,PIXI,26.0,Balm
p00412,Balance Me Cleanse and Smooth Face Balm 125ml,Balance Me,16.0,Balm
p00413,First Aid Beauty Ultra Repair Intensive Lip Balm (10g),First Aid Beauty,16.0,Balm
p00414,Dr. PAWPAW Original Balm 100ml,Dr. PAWPAW,18.99,Balm
p00415,Dr Hauschka Lip Balm 4.5ml,Dr Hauschka,10.5,Balm
p00416,By Terry Baume de Rose Flaconnette 7ml,By,32.5,Balm
p00417,DECLÉOR Aromessence Magnolia Youthful Night Balm 15ml,DECLÉOR,46.2,Balm
p00418,REN Rosa Centifolia No.1 Purity Cleansing Balm,REN,23.0,Balm
p00419,Dr. PAWPAW Hot Pink Balm 25ml,Dr. PAWPAW,6.95,Balm
p00420,Lanolips Tinted SPF30 Balm - Red Apple 12.5g,Lanolips,8.99,Balm
p00421,Spa Magik Organiks Wrinkle Therapy Moisture Melt Cleansing Balm 100ml,Spa Magik,14.95,Balm
p00422,Uriage Xémose Anti-Itch Soothing Oil Balm 500ml,Uriage,20.89,Balm
p00423,benefit Dr Feelgood Velvety Complexion Balm,benefit,29.0,Balm
p00424,Jurlique Rose Love Balm (15ml),Jurlique,12.0,Balm
p00425,Aurelia Probiotic Skincare Refine and Polish Miracle Balm 75ml,Aurelia,45.6,Balm
p00426,Rituals The Ritual of Ayurveda Hand Balm 175ml,Rituals,9.9,Balm
p00427,Rodial Bee Venom Cleansing Balm 100ml,Rodial,65.0,Balm
p00428,Indeed Labs Watermelon Melting Balm 100ml,Indeed Labs,24.99,Balm
p00429,DECLÉOR Cica-Botanic Balm,DECLÉOR,24.5,Balm
p00430,OSKIA Micro Exfoliating Balm - 50ml,OSKIA,52.0,Balm
p00431,Laura Mercier Infusion de Rose Lip Balm 3.4g,Laura Mercier,17.0,Balm
p00432,Oh K! SOS Soothing Facial Balm 100ml,Oh K!,8.0,Balm
p00433,By Terry Baume De Rose Nutri-Couleur Lip Balm 7g,By,36.0,Balm
p00434,MONU Recovery Balm (50ml),MONU,32.0,Balm
p00435,Darphin Intral Redness Relief Recovery Balm,Darphin,48.0,Balm
p00436,Darphin Aromatic Cleansing Balm with Rosewood 125ml,Darphin,75.0,Balm
p00437,Holika Holika Good Cera Super Ceramide Moisture Balm 40ml,Holika Holika,21.95,Balm
p00438,Garnier Organic Argan Rescue Balm 50ml,Garnier,9.99,Balm
p00439,Menaji Lip Balm Agent (0.15oz./4.2g),Menaji,4.33,Balm
p00440,MONUPLUS Beauty Balm (50ml),MONUPLUS,39.95,Balm
p00441,The Ritual of Namasté Restoring Night Balm 50ml,Rituals,39.9,Balm
p00442,yes to Cucumbers Exfoliating Cleansing Balm 120g,Yes To,9.99,Balm
p00443,Clinique Superbalm Lip Treatment 7ml,Clinique,14.0,Balm
p00444,Alchimie Forever Dry Skin Balm,Alchimie,17.85,Balm
p00445,Garnier Hyaluronic Acid and Orange Juice Hydrating Brightening Eye Sheet Mask 6g,Garnier,2.99,Mask
p00446,APIVITA Express Moisturizing & Soothing Face Mask - Prickly Pear 2x8ml,APIVITA,5.5,Mask
p00447,PIXI PLUMP Collagen Boost Sheet Mask (Pack of 3),PIXI,10.0,Mask
p00448,Benton Aloe Soothing Mask Pack -1 Ea,Benton,2.0,Mask
p00449,Holika Holika Pure Essence Mask Sheet - Cucumber,Holika Holika,1.95,Mask
p00450,Holika Holika Pure Essence Mask Sheet - Avocado,Holika Holika,1.95,Mask
p00451,Antipodes Aura Manuka Honey Mask 75ml,Antipodes,26.99,Mask
p00452,Garnier Moisture Bomb Green Tea Hydrating Face Sheet Mask for Combination Skin 32g,Garnier,2.99,Mask
p00453,Holika Holika Pure Essence Mask Sheet - Pearl,Holika Holika,1.95,Mask
p00454,Holika Holika Pure Essence Mask Sheet - Charcoal,Holika Holika,1.95,Mask
p00455,Garnier Hyaluronic Acid and Coconut Water Hydrating Replumping Eye Sheet Mask 6g,Garnier,2.99,Mask
p00456,Ambre Solaire After Sun Cooling Hyaluronic Acid Face Sheet Mask 32g,Ambre,2.5,Mask
p00457,REN Clean Skincare Glycol Lactic Radiance Mask,REN,36.0,Mask
p00458,NARS Cosmetics Aqua Gel Luminous Mask,NARS,31.0,Mask
p00459,Garnier Moisture Bomb Camomile Hydrating Face Sheet Mask for Dry and Sensitive Skin 32g,Garnier,2.99,Mask
p00460,Holika Holika Pure Essence Mask Sheet - Strawberry,Holika Holika,1.95,Mask
p00461,La Roche-Posay Effaclar Clay Mask 100ml,La Roche-Posay,14.0,Mask
p00462,APIVITA Express Intense Moisturizing Face Mask - Cucumber 2x8ml,APIVITA,4.0,Mask
p00463,APIVITA Express Moisturizing Face Mask - Sea Lavender 2x8ml,APIVITA,4.0,Mask
p00464,APIVITA Express Radiance Face Mask - Orange 2x8ml,APIVITA,4.0,Mask
p00465,Holika Holika Pure Essence Mask Sheet - Damask Rose,Holika Holika,1.95,Mask
p00466,Garnier Moisture Bomb Lavender Hydrating Face Sheet Mask for Fatigued Skin 32g,Garnier,2.99,Mask
p00467,Holika Holika Baby Silky Foot Mask Sheet,Holika Holika,3.95,Mask
p00468,Oh K! Peeling Foot Mask 20ml,Oh K!,8.5,Mask
p00469,Garnier Moisture Bomb Sakura Hydrating Face Sheet Mask for Dull Skin 32g,Garnier,2.99,Mask
p00470,Garnier Charcoal and Algae Purifying and Hydrating Face Sheet Mask for Enlarged Pores 28g,Garnier,2.99,Mask
p00471,BeautyPro Brightening Collagen Sheet Mask with Vitamin C,BeautyPro,4.95,Mask
p00472,AHAVA Single Use 24K Gold Mineral Mud Mask 6ml,AHAVA,2.36,Mask
p00473,APIVITA Express Detox Face Mask - Pumpkin 2x8ml,APIVITA,4.0,Mask
p00474,First Aid Beauty Ultra Repair Instant Oatmeal Mask (56.7g),First Aid Beauty,20.0,Mask
p00475,Holika Holika Pure Essence Mask Sheet - Acai Berry,Holika Holika,1.95,Mask
p00476,Caudalie Instant Detox Mask (75ml),Caudalie,22.0,Mask
p00477,Dermalogica Age Smart Multivitamin Power Recovery Masque 75ml,Dermalogica,44.55,Mask
p00478,Garnier Fresh-Mix Brightening Face Sheet Shot Mask with Vitamin C 33g,Garnier,3.99,Mask
p00479,Holika Holika Pure Essence Mask Sheet - Lemon,Holika Holika,1.95,Mask
p00480,APIVITA Express Radiance Face Mask - Pomegranate 2x8ml,APIVITA,4.0,Mask
p00481,"Dear, Klairs Rich Moist Soothing Tencel Sheet Mask 25ml","Dear, Klairs",3.0,Mask
p00482,Clinique Moisture Surge Overnight Mask 100ml,Clinique,32.0,Mask
p00483,APIVITA Express Deep Cleansing Face Mask - Green Clay 2x8ml,APIVITA,4.0,Mask
p00484,BeautyPro Detoxifying Foaming Cleansing Sheet Mask with Activated Charcoal,BeautyPro,4.95,Mask
p00485,GLAMGLOW Supermud Mask 15g,GLAMGLOW,16.0,Mask
p00486,Garnier Fresh-Mix Replumping Face Sheet Shot Mask with Hyaluronic Acid 33g,Garnier,3.99,Mask
p00487,"Dear, Klairs Midnight Blue Calming Sheet Mask 25ml","Dear, Klairs",3.0,Mask
p00488,AHAVA Single Use Overnight Deep Wrinkle Mask 6ml,AHAVA,2.36,Mask
p00489,Estée Lauder Perfectly Clean Foam Cleanser/Purifying Mask 150ml,Estée Lauder,21.6,Mask
p00490,Origins Original Skin Retexturizing Mask with Rose Clay 75ml,Origins,22.0,Mask
p00491,APIVITA Express Moisturizing Face Mask - Aloe 2 x 8ml,APIVITA,4.0,Mask
p00492,AHAVA Single Use Brightening & Hydration Mask 6ml,AHAVA,2.36,Mask
p00493,NIP+FAB Teen Skin Fix Salicylic Acid Sheet Mask,NIP+FAB,5.5,Mask
p00494,Neutrogena Hydro Boost Hydrogel Recovery Mask 30ml,Neutrogena,5.49,Mask
p00495,Garnier Moisture Bomb Deep Sea Water & Hyaluronic Acid Night-Time Eye Tissue Mask 6g,Garnier,2.99,Mask
p00496,OSKIA Renaissance Mask (50ml),OSKIA,60.0,Mask
p00497,APIVITA Express Firming Face Mask - Royal Jelly 2x8ml,APIVITA,5.5,Mask
p00498,PIXI Glow Mud Mask 30ml,PIXI,18.0,Mask
p00499,Clinique Moisture Surge Overnight Mask 15ml,Clinique,7.0,Mask
p00500,NIP+FAB Glycolic Fix Extreme Bubble Mask 23g,NIP+FAB,7.0,Mask
p00501,Aesop Chamomile Concentrate Anti-Blemish Mask 60ml,Aesop,31.0,Mask
p00502,L'Oréal Paris Pure Clay Detox Face Mask 50ml,L'Oréal Paris,7.99,Mask
p00503,Origins Clear Improvement Active Charcoal Mask to Clear Pores 75ml,Origins,22.0,Mask
p00504,Peter Thomas Roth Cucumber Gel Mask 14ml,Peter Thomas Roth,6.72,Mask
p00505,APIVITA Express Purifying Face Mask for Oily Skin - Propolis 2x8ml,APIVITA,4.0,Mask
p00506,COSRX Ultimate Nourishing Rice Overnight Spa Mask 60ml,COSRX,23.0,Mask
p00507,REN Clean Skincare Evercalm Ultra Comforting Rescue Mask,REN,32.0,Mask
p00508,Erno Laszlo Multi-Task Eye Serum Mask (6 Pack),Erno,35.0,Mask
p00509,Holika Holika Baby Silky Hand Mask Sheet,Holika Holika,3.95,Mask
p00510,Avène Soothing Radiance Mask 50ml,Avène,13.0,Mask
p00511,BARBER PRO Face Putty Black Peel-Off Mask with Activated Charcoal (3 Applications),BARBER PRO,4.95,Mask
p00512,Garnier Ultralift Anti Ageing Radiance Boosting Face Sheet Mask 32g,Garnier,3.99,Mask
p00513,FOREO UFO Activated Masks - Call It a Night (7 Pack),FOREO,9.99,Mask
p00514,Peter Thomas Roth Cucumber Gel Mask 150ml,Peter Thomas Roth,41.6,Mask
p00515,Peter Thomas Roth Cucumber Hydra-Gel Eye Masks 60 masks,Peter Thomas Roth,41.0,Mask
p00516,APIVITA Express Moisturizing Face Mask - Honey 2x8ml,APIVITA,4.0,Mask
p00517,Neutrogena Radiance Boost Hydrogel Recovery Mask 30ml,Neutrogena,3.5,Mask
p00518,Chantecaille Bio Lift Mask - 50ml,Chantecaille,148.0,Mask
p00519,Rodial Dragon's Blood Eye Mask Single,Rodial,6.0,Mask
p00520,BeautyPro CBD Oil Infused Sheet Mask 22ml,BeautyPro,5.95,Mask
p00521,Origins Out of Trouble 10 Minute Mask to Rescue Problem Skin 75ml,Origins,22.0,Mask
p00522,Dr.Jart+ Cicapair Tiger Grass Calming Mask,Dr.Jart+,5.5,Mask
p00523,Lancôme Génifique Hydrogel Sheet Mask (1 Mask),Lancôme,16.2,Mask
p00524,Holika Holika Skin Rescuer Mask Sheet - Collagen,Holika Holika,3.95,Mask
p00525,AHAVA Single Use Clearing Mask 6ml,AHAVA,2.36,Mask
p00526,FARMACY Honey Potion Renewing Antioxidant Hydration Mask,FARMACY,36.0,Mask
p00527,Liz Earle Deep Cleansing Mask 75ml,Liz Earle,19.0,Mask
p00528,Vichy Quenching Mineral Mask Duo Sachet 2 x 6ml,Vichy,3.0,Mask
p00529,AHAVA Single Use Mud Mask 8ml,AHAVA,2.36,Mask
p00530,Sanctuary Spa Charcoal Bubble Sheet Mask 22g,Sanctuary Spa,5.0,Mask
p00531,MAGICSTRIPES Lifting Collagen Mask (1 Mask),MAGICSTRIPES,8.0,Mask
p00532,NIOD Voicemail Masque 50ml,NIOD,30.0,Mask
p00533,NIP+FAB Retinol Fix Sheet Mask 10g,NIP+FAB,7.95,Mask
p00534,Origins Clear Improvement Charcoal Honey Mask to Purify and Nourish 75ml,Origins,30.0,Mask
p00535,Filorga Hydra-Filler Mask 23g,Filorga,10.0,Mask
p00536,Bulldog Oil Control Face Mask 100ml,Bulldog,4.5,Mask
p00537,MAGICSTRIPES Chin & Cheek Lifting Mask (1 Mask),MAGICSTRIPES,10.0,Mask
p00538,Neutrogena Purifying Boost Hydrogel Recovery Mask 30ml,Neutrogena,3.99,Mask
p00539,APIVITA Express Line Reducing Face Mask - Grape 2x8ml,APIVITA,4.0,Mask
p00540,PIXI Collagen Plumping Mask 45ml,PIXI,18.0,Mask
p00541,FOREO UFO Activated Masks - Make My Day (7 Pack),FOREO,9.99,Mask
p00542,Elemis Pro-Collagen Hydra-Gel Eye Mask (Pack of 6),Elemis,52.0,Mask
p00543,REN Clean Skincare Clarimatte Invisible Pores Detox Mask,REN,28.0,Mask
p00544,Eve Lom Rescue Mask (100ml),Eve Lom,55.0,Mask
p00545,GLAMGLOW Supermud Mask 50g,GLAMGLOW,44.0,Mask
p00546,BeautyPro Nourishing Collagen Sheet Mask with Olive Extract,BeautyPro,4.95,Mask
p00547,Oh K! Chok Chok Smoothing Undereye Mask 2 x 1.5g,Oh K!,4.25,Mask
p00548,AHAVA Purifying Mud Mask 100ml,AHAVA,28.99,Mask
p00549,BeautyPro THERMOTHERAPY Warming Gold Foil Mask 30g,BeautyPro,5.95,Mask
p00550,L'Oréal Paris Pure Clay Blemish Rescue Face Mask 50ml,L'Oréal Paris,7.99,Mask
p00551,Garnier Pure Active Anti Blackhead Charcoal Mask Peel Off,Garnier,7.99,Mask
p00552,Chantecaille Jasmine & Lily Healing Mask,Chantecaille,75.0,Mask
p00553,Omorovicza Deep Cleansing Mask (50ml),Omorovicza,72.0,Mask
p00554,Sukin Oil Balancing + Charcoal Anti-Pollution Facial Masque 100ml,Sukin,11.95,Mask
p00555,La Roche-Posay Hydraphase Intense Masque 50ml,La Roche-Posay,18.0,Mask
p00556,Peter Thomas Roth Pumpkin Enzyme Mask 150ml,Peter Thomas Roth,50.0,Mask
p00557,AHAVA Single Use Hydration Cream Mask 8ml,AHAVA,2.36,Mask
p00558,Sanctuary Spa 5 Minute Thermal Charcoal Detox Mask 75ml,Sanctuary Spa,10.0,Mask
p00559,Shiseido Benefiance Pure Retinol Express Smoothing Eye Mask x 12 Sachets,Shiseido,62.0,Mask
p00560,Murad Pore Extractor Pomegranate Mask,Murad,30.0,Mask
p00561,Holika Holika Skin Rescuer Mask Sheet - Vita C,Holika Holika,3.95,Mask
p00562,BARBER PRO Gentlemen's Sheet Mask Rejuvenating and Hydrating with Anti-Ageing Collagen,BARBER PRO,4.95,Mask
p00563,APIVITA Moisturizing Face Mask - Aloe 50ml,APIVITA,12.3,Mask
p00564,Project Lip Mask,Project Lip,3.95,Mask
p00565,AHAVA Uplifting & Firming Sheet Mask,AHAVA,6.3,Mask
p00566,Antipodes Halo Skin Brightening Facial Mud Mask 75g,Antipodes,26.99,Mask
p00567,APIVITA Deep Cleansing Face Mask - Green Clay 50ml,APIVITA,12.3,Mask
p00568,L'Oréal Paris Pure Clay Glow Face Mask 50ml,L'Oréal Paris,7.99,Mask
p00569,The Ordinary Lactic Acid 10% + HA 2% Superficial Peeling Formulation 30ml,The Ordinary,6.1,Peel
p00570,The Ordinary Lactic Acid 5% + HA 2% Superficial Peeling Formulation 30ml,The Ordinary,5.8,Peel
p00571,The INKEY List Apple Cider Vinegar Acid Peel 30ml,The INKEY List,14.99,Peel
p00572,Elemis Papaya Enzyme Peel 50ml,Elemis,35.0,Peel
p00573,AHAVA Single Use Facial Renewal Peel 8ml,AHAVA,2.36,Peel
p00574,PIXI Peel and Polish,PIXI,24.0,Peel
p00575,Elizabeth Arden Visible Difference Peel & Reveal Revitalizing Mask (50ml),Elizabeth Arden,26.0,Peel
p00576,Murad Replenishing Multi-Acid Peel 100ml,Murad,48.0,Peel
p00577,Peter Thomas Roth FirmX Peeling Gel 100ml,Peter Thomas Roth,40.0,Peel
p00578,Murad Intensive-C Radiance Peel 50ml,Murad,55.0,Peel
p00579,Peter Thomas Roth Peptide 21 Amino Acid Exfoliating Peel Pads - 60 Pads,Peter Thomas Roth,41.6,Peel
p00580,Lancer Skincare Caviar Lime Acid Peel 50ml,Lancer Skincare,90.0,Peel
p00581,Alpha-H Beauty Sleep Power Peel 50ml,Alpha-H,43.2,Peel
p00582,Elemis Peptide4 Overnight Radiance Peel 30ml,Elemis,56.0,Peel
p00583,PIXI Hydrating Milky Peel 80ml,PIXI,24.0,Peel
p00584,Embryolisse Gentle Night Peeling Care Radiance Secret 40ml,Embryolisse,18.0,Peel
p00585,Estée Lauder Perfectionist Pro Instant Resurfacing Peel with 9.9% AHAs + BHA,Estée Lauder,56.7,Peel
p00586,L'Oréal Paris Revitalift Laser Glycolic Peel Pads x 25 Pads,L'Oréal Paris,22.49,Peel
p00587,Radical Skincare Express Delivery Enzyme Peel 50ml,Radical Skincare,45.0,Peel
p00588,Dermalogica Rapid Reveal Peel,Dermalogica,71.1,Peel
p00589,Radical Skincare Detox Charcoal Enzyme Peel 50ml,Radical Skincare,45.0,Peel
p00590,Polaar Northern Light Micro-Peeling Foam 100ml,Polaar,28.0,Peel
p00591,Omorovicza Blue Diamond Peel (50ml),Omorovicza,155.0,Peel
p00592,VERSO Enzyme Peel 50ml,VERSO,80.0,Peel
p00593,Natura Bissé Glyco Extreme Peel 30ml,Natura Bissé,230.0,Peel
p00594,Natura Bissé Tolerance Enzyme Peel 50ml,Natura Bissé,89.0,Peel
p00595,Mavala Skin Vitality Beauty Enhancing Micro-Peel 65ml,Mavala,17.0,Peel
p00596,Goldfaden MD Fresh A Peel Multi Acid Resurfacing Peel 50ml,Goldfaden MD,50.25,Peel
p00597,Manuka Doctor ApiClear Facial Peel 100ml,Manuka Doctor,29.99,Peel
p00598,Comfort Zone Sublime Skin Peel Pad (14 Pack),Comfort Zone,80.0,Peel
p00599,Recipe for Men Peeling Mask,Recipe for Men,25.0,Peel
p00600,Comfort Zone Essential Peeling 60ml,Comfort Zone,30.0,Peel
p00601,CeraVe Eye Repair Cream 14ml,CeraVe,12.0,Eye Care
p00602,The INKEY List Caffeine Eye Serum 15ml,The INKEY List,8.99,Eye Care
p00603,Avène Soothing Eye Contour Cream 10ml,Avène,10.0,Eye Care
p00604,Bobbi Brown Extra Eye Repair Cream 15ml,Bobbi Brown,48.5,Eye Care
p00605,Antipodes Kiwi Seed Oil Eye Cream 30ml,Antipodes,27.99,Eye Care
p00606,La Roche-Posay Toleriane Ultra Eyes (20ml),La Roche-Posay,16.0,Eye Care
p00607,Bobbi Brown Hydrating Eye Cream 15ml,Bobbi Brown,33.5,Eye Care
p00608,First Aid Beauty Skin Lab Retinol Eye Cream with Triple Hyaluronic Acid 15ml,First Aid Beauty,34.0,Eye Care
p00609,Medik8 Retinol Eye TR Serum 7ml,Medik8,19.0,Eye Care
p00610,Clinique All About Eyes Eye Cream 15ml,Clinique,27.5,Eye Care
p00611,Clinique Moisture Surge Eye 96-Hour Hydro-Filler Concentrate 15ml,Clinique,27.5,Eye Care
p00612,VICHY Minéral 89 Eyes Hyaluronic Acid +Caffeine 15ml,VICHY,20.0,Eye Care
p00613,La Roche-Posay Redermic [R] Retinol Eye Cream 15ml,La Roche-Posay,27.0,Eye Care
p00614,Liz Earle Eyebright Soothing Eye Lotion 150ml Bottle,Liz Earle,16.0,Eye Care
p00615,PIXI Retinol Eye Cream 25ml,PIXI,22.0,Eye Care
p00616,Elemis Pro-Collagen Advanced Eye Treatment (15ml),Elemis,46.0,Eye Care
p00617,L’Oréal Paris Revitalift Filler Renew Eye Cream (15ml),L’Oréal,19.99,Eye Care
p00618,Bulldog Age Defence Eye Roll-On 15ml,Bulldog,7.5,Eye Care
p00619,La Roche-Posay Hydraphase Intense Eyes 15ml,La Roche-Posay,16.0,Eye Care
p00620,Balance Me Wonder Eye Cream 15ml,Balance Me,16.0,Eye Care
p00621,Medik8 C-Tetra Eye Serum 7ml,Medik8,19.0,Eye Care
p00622,Fade Out Advanced Even Skin Tone Eye Defence Cream 15ml,Fade Out,9.99,Eye Care
p00623,Estée Lauder Advanced Night Repair Matrix Synchronized Recovery Eye Concentrate 15ml,Estée Lauder,44.1,Eye Care
p00624,L'Oréal Paris Dermo Expertise Revitalift Anti-Wrinkle + Firming Eye Cream (15ml),L'Oréal Paris,11.49,Eye Care
p00625,DHC Revitalizing Moisture Strip: Eyes - 6 Applications,DHC,9.0,Eye Care
p00626,Lancôme Advanced Génifique Eye Care 15ml,Lancôme,39.15,Eye Care
p00627,La Roche-Posay Hyalu B5 Eyes 15ml,La Roche-Posay,25.5,Eye Care
p00628,Estée Lauder Daywear Eye Cooling Anti-Oxidant Moisture Gel Créme,Estée Lauder,26.55,Eye Care
p00629,Elemis Pro-Collagen Eye Renewal 15ml,Elemis,69.0,Eye Care
p00630,Medik8 Advanced Night Eye 15ml,Medik8,36.0,Eye Care
p00631,GLAMGLOW Bright Eyes Cream 15ml,GLAMGLOW,29.0,Eye Care
p00632,PIXI 24K Eye Elixir 10ml,PIXI,22.0,Eye Care
p00633,Caudalie VineActiv Energizing and Smoothing Eye Cream 15ml,Caudalie,27.5,Eye Care
p00634,Murad Resurgence Renewing Eye Cream (15ml),Murad,65.0,Eye Care
p00635,La Roche-Posay Pigmentclar Eyes 15ml,La Roche-Posay,25.5,Eye Care
p00636,Avene Gentle Eye Make-Up Remover 125ml,Avene,10.0,Eye Care
p00637,REN Clean Skincare Keep Young and Beautiful Firm and Lift Eye Cream,REN,33.0,Eye Care
p00638,L'Oréal Paris Gentle Eye Make-Up Remover 125ml,L'Oréal Paris,3.49,Eye Care
p00639,DECLÉOR Jasmine Eye Cream 15ml,DECLÉOR,25.9,Eye Care
p00640,Dermalogica Multivitamin Power Firm 15ml,Dermalogica,42.75,Eye Care
p00641,Clinique Repairwear Anti-Gravity Eye Cream 15ml,Clinique,39.5,Eye Care
p00642,First Aid Beauty Eye Duty Triple Remedy Overnight Balm (15ml),First Aid Beauty,28.0,Eye Care
p00643,Lumene Nordic Hydra [Lähde] Purity Dew Drops Hydrating Eye Gel 15ml,Lumene,14.9,Eye Care
p00644,L'Oréal Paris Absolute Eye and Lip Make-Up Remover 125ml,L'Oréal Paris,5.49,Eye Care
p00645,Elemis Peptide Eye Recovery Cream 15ml,Elemis,38.0,Eye Care
p00646,Goldfaden MD Bright Eyes Dark Circle Radiance Concentrate 15ml,Goldfaden MD,32.16,Eye Care
p00647,L'Oréal Men Expert Hydra Energetic Cooling Eye Roll-On (10ml),L'Oréal,10.99,Eye Care
p00648,Clinique Pep Start Eye Cream 15ml,Clinique,24.0,Eye Care
p00649,Lancôme Rénergie Multi-Lift Eye Cream 15ml,Lancôme,44.55,Eye Care
p00650,Bulldog Energising Eye Roll On 15ml,Bulldog,7.5,Eye Care
p00651,Avène Refreshing Eye Contour 15ml,Avène,16.0,Eye Care
p00652,Manuka Doctor ApiNourish Age-Defying Eye Cream 15ml,Manuka Doctor,10.99,Eye Care
p00653,VICHY Aqualia Thermal Eye Awakening Balm (15ml),VICHY,15.0,Eye Care
p00654,DECLÉOR Hydra Floral Everfresh Hydrating Wide-Open Eye Gel,DECLÉOR,24.5,Eye Care
p00655,Medik8 Eyelift Peptides 15ml,Medik8,38.0,Eye Care
p00656,Shiseido Exclusive Ultimune Eye Power Infusing Eye Concentrate 15ml,Shiseido,58.0,Eye Care
p00657,Dermalogica Total Eye Care 15ml,Dermalogica,40.5,Eye Care
p00658,Dermalogica Intensive Eye Repair (15ml),Dermalogica,44.55,Eye Care
p00659,benefit It's Potent Brightening Eye Cream 14g,benefit,29.0,Eye Care
p00660,DECLÉOR Prolagène Lift Lavandula Iris - Lift and Firm Eye Care 15ml,DECLÉOR,35.0,Eye Care
p00661,Skin Doctors Instant Eyelift (10ml),Skin Doctors,21.99,Eye Care
p00662,Instant Effects Instant Eye Lift,Instant Effects,24.99,Eye Care
p00663,Aesop Parsley Seed Anti-Oxidant Eye Serum 15ml,Aesop,57.0,Eye Care
p00664,Murad Essential C Eye Cream SPF15 15ml,Murad,60.0,Eye Care
p00665,Medik8 r-Retinoate Day and Night Eye Serum 15ml,Medik8,90.0,Eye Care
p00666,Origins GinZing Refreshing Eye Cream to Brighten and Depuff On-the-Go 10ml,Origins,18.0,Eye Care
p00667,Estée Lauder Resilience Multi-Effect Tri-Peptide Eye Crème 15ml,Estée Lauder,44.1,Eye Care
p00668,SVR Palpebral by Topialyse Eye Cream 15ml,SVR,15.0,Eye Care
p00669,Liz Earle Superskin Eye Cream 15ml,Liz Earle,39.0,Eye Care
p00670,bareMinerals Ageless Genius Firming and Wrinkle Smoothing Eye Cream 15g,bareMinerals,37.0,Eye Care
p00671,Clinique for Men Super Energizer Anti-Fatigue Depuffing Eye Gel 15ml,Clinique,26.0,Eye Care
p00672,Clinique Naturally Gentle Eye Make-Up Remover 75ml,Clinique,19.0,Eye Care
p00673,Ultrasun SPF30+ Eye Cream (15ml),Ultrasun,20.0,Eye Care
p00674,Zelens Triple Action Advanced Eye Cream,Zelens,80.0,Eye Care
p00675,Clinique Superdefense SPF20 Age Defense Eye Cream 15ml,Clinique,31.5,Eye Care
p00676,KLORANE Eye Make-Up Remover with Organically Farmed Cornflower 200ml,KLORANE,9.5,Eye Care
p00677,Peter Thomas Roth Retinol Eye Care 15ml,Peter Thomas Roth,46.0,Eye Care
p00678,Clinique Rinse-Off Eye Makeup Solvent 125ml,Clinique,19.0,Eye Care
p00679,Sukin Purely Ageless Eye Cream 20ml,Sukin,15.95,Eye Care
p00680,SkinCeuticals A.G.E. Eye Complex Cream 15ml,SkinCeuticals,85.0,Eye Care
p00681,Benton Fermentation Eye Cream 30g,Benton,25.0,Eye Care
p00682,Estée Lauder Take It Away Gentle Eye and Lip Longwear Makeup Remover 100ml,Estée Lauder,18.9,Eye Care
p00683,Sarah Chapman Lash Boosting Eye Cleanse 70ml,Sarah Chapman,33.0,Eye Care
p00684,Sanctuary Spa Power Peptide Awakening Eye Serum 15ml,Sanctuary Spa,16.5,Eye Care
p00685,Eucerin® Anti-Age Hyaluron-Filler Eye Cream SPF 15 + UVA Protection (15ml),Eucerin®,24.5,Eye Care
p00686,RapidEye Firming Wrinkle Smoother 15ml,RapidEye,21.55,Eye Care
p00687,Dermalogica Stress Positive Eye Lift 25ml,Dermalogica,52.65,Eye Care
p00688,Aesop Parsley Seed Anti-Oxidant Eye Cream 10ml,Aesop,63.0,Eye Care
p00689,SVR Densitium Lifting + Firming Eye Contour Cream -15ml,SVR,36.0,Eye Care
p00690,Lumene Nordic C [Valo] Bright Eyes All-In-One Treatment 15ml,Lumene,19.9,Eye Care
p00691,Perricone MD Essential Fx Acyl-Glutathione: Eyelid Lift Serum,Perricone MD,89.0,Eye Care
p00692,Natio Ageless Brightening Eye Cream (20g),Natio,12.4,Eye Care
p00693,First Aid Beauty 5-in-1 Eye Cream (14.1ml),First Aid Beauty,26.0,Eye Care
p00694,SkinCeuticals AOX+ Eye Gel 15ml,SkinCeuticals,77.0,Eye Care
p00695,MAC Fast Response Eye Cream 15ml,MAC,22.0,Eye Care
p00696,Dr. Brandt No More Baggage 15g,Dr. Brandt,30.0,Eye Care
p00697,Sukin Eye Serum (30ml),Sukin,14.95,Eye Care
p00698,VICHY LiftActiv Serum 10 Eyes & Lashes 15ml,VICHY,27.0,Eye Care
p00699,Perricone MD Cold Plasma Plus Eye Cream 15ml,Perricone MD,80.0,Eye Care
p00700,REN Clean Skincare Keep Young and Beautiful Instant Brightening Beauty Shot Eye Lift 15ml,REN,33.0,Eye Care
p00701,CeraVe Hydrating Cleanser 236ml,CeraVe,9.5,Cleanser
p00702,CeraVe Hydrating Cleanser 473ml,CeraVe,15.0,Cleanser
p00703,The Ordinary Squalane Cleanser Supersize Exclusive 150ml,The Ordinary,14.2,Cleanser
p00704,CeraVe Foaming Facial Cleanser 473ml,CeraVe,15.0,Cleanser
p00705,CeraVe Smoothing Cleanser 236ml,CeraVe,12.0,Cleanser
p00706,COSRX Salicylic Acid Daily Gentle Cleanser 170g,COSRX,8.5,Cleanser
p00707,Elemis Pro-Collagen Cleansing Balm 105g,Elemis,44.0,Cleanser
p00708,FARMACY Green Clean Make Up Meltaway Cleansing Balm 100ml,FARMACY,32.0,Cleanser
p00709,La Roche-Posay Effaclar H Hydrating Cleansing Cream (200ml),La Roche-Posay,12.5,Cleanser
p00710,La Roche-Posay Effaclar Purifying Cleansing Gel 200ml,La Roche-Posay,12.5,Cleanser
p00711,La Roche-Posay Effaclar Cleansing Gel 400ml,La Roche-Posay,18.5,Cleanser
p00712,Emma Hardie Moringa Cleansing Balm with Professional Cleansing Cloth 100ml,Emma Hardie,47.0,Cleanser
p00713,Clinique Take the Day off Cleansing Balm 30ml,Clinique,9.0,Cleanser
p00714,Clinique Liquid Facial Soap Mild 200ml,Clinique,17.5,Cleanser
p00715,Elemis Dynamic Resurfacing Facial Wash 200ml,Elemis,34.0,Cleanser
p00716,First Aid Beauty Face Cleanser (142g),First Aid Beauty,16.0,Cleanser
p00717,Garnier Micellar Water Facial Cleanser and Makeup Remover for Sensitive Skin 400ml,Garnier,4.99,Cleanser
p00718,Caudalie Duo Foaming Cleanser (2 x 150ml) (Worth £30),Caudalie,22.0,Cleanser
p00719,Liz Earle Cleanse & Polish 100ml Pump,Liz Earle,15.5,Cleanser
p00720,Garnier Micellar Water Facial Cleanser and Makeup Remover for Sensitive Skin 700ml,Garnier,6.99,Cleanser
p00721,Caudalie Vinopure Purifying Gel Cleanser 150ml,Caudalie,16.0,Cleanser
p00722,Bulldog Original Face Wash 150ml,Bulldog,3.38,Cleanser
p00723,Neutrogena Hydro Boost Water Gel Cleanser 200ml,Neutrogena,7.99,Cleanser
p00724,OSKIA Renaissance Cleansing Gel (100ml),OSKIA,35.0,Cleanser
p00725,NIP+FAB Teen Skin Fix Pore Blaster Night Wash 145ml,NIP+FAB,6.99,Cleanser
p00726,Elemis Superfood Cleansing Wash 150ml,Elemis,25.0,Cleanser
p00727,Bioderma Hybrabio H2O 500ml Duo Pack,Bioderma,18.5,Cleanser
p00728,La Roche-Posay Toleriane Dermo-Cleanser 200ml,La Roche-Posay,12.5,Cleanser
p00729,Liz Earle Cleanse & Polish 200ml Tube,Liz Earle,27.0,Cleanser
p00730,Origins Checks and Balances Frothy Face Wash 150ml,Origins,16.5,Cleanser
p00731,Avène Cleanance Cleansing Gel 200ml,Avène,12.0,Cleanser
p00732,Avene Face Essentials Cleansing Foam 150ml,Avene,13.5,Cleanser
p00733,Clinique Anti Blemish Solutions Cleansing Foam 125ml,Clinique,19.0,Cleanser
p00734,Neutrogena® Oil Balancing Facial Wash 200ml,Neutrogena®,4.71,Cleanser
p00735,Bulldog Oil Control Face Wash 150ml,Bulldog,3.38,Cleanser
p00736,Eve Lom Cleanser 200ml,Eve Lom,85.0,Cleanser
p00737,REN Clean Skincare Rosa Centifolia Cleansing Gel,REN,18.0,Cleanser
p00738,Dr Dennis Gross Alpha Beta Pore Perfecting Cleansing Gel 60ml,Dr Dennis Gross,17.0,Cleanser
p00739,La Roche-Posay Cicaplast B5 Anti-Bacterial Cleansing Wash 200ml,La Roche-Posay,10.0,Cleanser
p00740,Caudalie Instant Foaming Cleanser (150ml),Caudalie,15.0,Cleanser
p00741,COSRX Low pH Good Morning Cleanser 150ml,COSRX,17.0,Cleanser
p00742,Aesop Amazing Face Cleanser 200ml,Aesop,35.0,Cleanser
p00743,philosophy Purity One-Step Facial Cleanser 480ml,philosophy,30.0,Cleanser
p00744,VICHY Normaderm Deep Cleansing Purifying Gel 200ml,VICHY,13.0,Cleanser
p00745,NIP+FAB Teen Skin Fix Pore Blaster Day Wash 145ml,NIP+FAB,6.99,Cleanser
p00746,Clinique Liquid Facial Soap Oily Skin Formula 200ml,Clinique,17.5,Cleanser
p00747,Clinique Rinse-Off Foaming Cleanser 150ml,Clinique,17.5,Cleanser
p00748,Avène Gentle Milk Cleanser,Avène,11.5,Cleanser
p00749,Bulldog Sensitive Face Wash 150ml,Bulldog,3.38,Cleanser
p00750,Garnier Micellar Gel Face Wash Sensitive Skin 200ml,Garnier,3.99,Cleanser
p00751,Sukin Foaming Facial Cleanser (125ml),Sukin,7.95,Cleanser
p00752,Clinique for Men Face Wash 200ml,Clinique,16.5,Cleanser
p00753,Neutrogena Pink Grapefruit Medicated Facial Wipes,Neutrogena,3.99,Cleanser
p00754,Murad Clarifying Cleanser 200ml,Murad,25.0,Cleanser
p00755,L'Oréal Paris Fine Flowers Cleansing Wash 150ml,L'Oréal Paris,3.99,Cleanser
p00756,Clinique Redness Solutions Soothing Cleanser 150ml,Clinique,19.0,Cleanser
p00757,REN Evercalm™ Gentle Cleansing Milk 150ml,REN,20.0,Cleanser
p00758,Bulldog Original 2-in-1 Beard Shampoo and Conditioner 200ml,Bulldog,4.5,Cleanser
p00759,La Roche-Posay Effaclar Micellar Water 200ml,La Roche-Posay,12.5,Cleanser
p00760,Murad Age Reform Aha/Bha Exfoliating Cleanser (200ml),Murad,38.0,Cleanser
p00761,Elemis Balancing Lime Blossom Cleanser 200ml,Elemis,25.0,Cleanser
p00762,PIXI Glow Tonic Cleansing Gel 135ml,PIXI,18.0,Cleanser
p00763,Medik8 Pore Cleanse Gel Intense 150ml,Medik8,21.0,Cleanser
p00764,DHC Face Wash Powder (50g),DHC,11.0,Cleanser
p00765,bareMinerals Clay Chameleon Transforming Purifying Cleanser 120g,bareMinerals,11.4,Cleanser
p00766,Caudalie Micellar Cleansing Water 400ml ,Caudalie,19.0,Cleanser
p00767,Garnier Pure Active 3in1 Charcoal Blackhead Mask Wash Scrub 150ml,Garnier,4.99,Cleanser
p00768,PIXI Vitamin-C Juice Cleanser 150ml,PIXI,18.0,Cleanser
p00769,Lancôme Crème Mousse Confort Creamy Foaming Cleanser 125ml,Lancôme,22.5,Cleanser
p00770,Eve Lom Cleanser 100ml,Eve Lom,55.0,Cleanser
p00771,PIXI Glow Mud Cleanser 135ml,PIXI,18.0,Cleanser
p00772,La Roche-Posay Toleriane Foaming Gel Cleanser 150ml,La Roche-Posay,12.5,Cleanser
p00773,Garnier Vitamin Enriched Cleansing Wipes (25 Pack),Garnier,2.69,Cleanser
p00774,Clinique for Men Charcoal Face Wash 200ml,Clinique,18.0,Cleanser
p00775,Avene Antirougeurs Clean Cleanser 200ml,Avene,14.5,Cleanser
p00776,Lancôme Gel Eclat Express Clarfying Self-Foaming Cleanser 125ml,Lancôme,22.05,Cleanser
p00777,philosophy Purity One-Step Facial Cleanser 240ml,philosophy,19.0,Cleanser
p00778,Bulldog Energising Face Wash 150ml,Bulldog,3.38,Cleanser
p00779,Bobbi Brown Soothing Cleansing Oil 200ml,Bobbi Brown,35.0,Cleanser
p00780,L'Oréal Paris Fine Flowers Cleansing Cream 200ml,L'Oréal Paris,7.99,Cleanser
p00781,Antipodes Hallelujah Lime & Patchouli Cleanser 200ml,Antipodes,22.99,Cleanser
p00782,Filorga Foam Cleanser 150ml,Filorga,20.0,Cleanser
p00783,Estée Lauder Nutritious Super-Pomegranate Radiant Energy 2-In-1 Cleansing Foam 125ml,Estée Lauder,23.4,Cleanser
p00784,Garnier Micellar Water Oil Infused Facial Cleanser and Makeup Remover 400ml,Garnier,5.99,Cleanser
p00785,Omorovicza Cleansing Foam Duo,Omorovicza,73.0,Cleanser
p00786,VICHY Purete Thermale Fresh Cleansing Gel 200ml,VICHY,12.0,Cleanser
p00787,Garnier Micellar Water Facial Cleanser and Makeup Remover for Combination Skin 400ml,Garnier,4.99,Cleanser
p00788,Sukin Blemish Control Clearing Facial Wash 125ml,Sukin,9.95,Cleanser
p00789,Origins GinZing Refreshing Scrub Cleanser 150ml,Origins,17.5,Cleanser
p00790,L'Oréal Paris Fine Flowers Cleansing Milk 400ml,L'Oréal Paris,5.99,Cleanser
p00791,Erno Laszlo Sea Mud Deep Cleansing Bar (100g),Erno,35.0,Cleanser
p00792,Murad Time Release Blemish Cleanser 200ml,Murad,30.0,Cleanser
p00793,Elemis Sensitive Cleansing Wash 200ml,Elemis,25.0,Cleanser
p00794,Clinique Pep-Start 2-in-1 Exfoliating Cleanser 125ml,Clinique,16.5,Cleanser
p00795,Emma Hardie Moringa Light Cleansing Gel 100ml,Emma Hardie,34.0,Cleanser
p00796,Caudalie Instant Foaming Cleanser (50ml),Caudalie,7.5,Cleanser
p00797,Neutrogena Hydro Boost Cleanser Wipes (25 Wipes),Neutrogena,4.99,Cleanser
p00798,Garnier Pure Active Anti Blemish Soap Free Gel Wash Sensitive Skin 150ml,Garnier,4.99,Cleanser
p00799,Clinique Anti Blemish Solutions Cleansing Gel 125ml,Clinique,19.0,Cleanser
p00800,Pai Skincare Light Work Rosehip Cleansing Oil 145ml,Pai Skincare,36.0,Cleanser
p00801,The Ordinary Squalane Cleanser 50ml,The Ordinary,5.8,Cleanser
p00802,PIXI Makeup Melting Cleansing Cloths (40 Wipes),PIXI,10.0,Cleanser
p00803,Gallinée Prebiotic Foaming Facial Cleanser 120ml,Gallinée,12.75,Cleanser
p00804,bareMinerals Pure Plush Cleansing Foam,bareMinerals,20.0,Cleanser
p00805,ESPA Optimal Skin ProCleanser 100ml,ESPA,32.0,Cleanser
p00806,NIOD Sanskrit Saponins Cleanser 90ml,NIOD,21.0,Cleanser
p00807,DECLÉOR Cleansing Milk 200ml,DECLÉOR,18.2,Cleanser
p00808,Garnier Pure Active Intensive Anti-Blackhead Charcoal Gel Wash 200ml,Garnier,4.99,Cleanser
p00809,Gallinée Prebiotic Cleansing Bar 100g,Gallinée,8.5,Cleanser
p00810,Neal's Yard Remedies Rehydrating Rose Facial Wash 100ml,Neal's Yard Remedies,17.0,Cleanser
p00811,L'Oréal Paris Age Perfect Cleansing Wipes for Mature Skin (25 Wipes),L'Oréal Paris,4.99,Cleanser
p00812,L'Oréal Paris Fine Flowers Sensitive Skin Cleansing Face Wipes x 25,L'Oréal Paris,3.99,Cleanser
p00813,Avene Cold Cream Ultra Rich Cleansing Bar,Avene,5.0,Cleanser
p00814,Estée Lauder Nutritious Micro-Algae Cleansing Bar,Estée Lauder,18.0,Cleanser
p00815,Erno Laszlo Phelityl Cleansing Bar (100g),Erno,35.0,Cleanser
p00816,PIXI Glow Tonic 250ml,PIXI,18.0,Toner
p00817,PIXI Retinol Tonic 100ml,PIXI,10.0,Toner
p00818,La Roche-Posay Effaclar Clarifying Lotion 200ml,La Roche-Posay,12.5,Toner
p00819,La Roche-Posay Serozinc Toner 50ml,La Roche-Posay,5.0,Toner
p00820,Caudalie Supersize Grape Water (200ml),Caudalie,11.0,Toner
p00821,Liz Earle Instant Boost Skin Tonic 200ml Bottle,Liz Earle,16.0,Toner
p00822,PIXI Retinol Tonic 250ml,PIXI,18.0,Toner
p00823,PIXI Rose Tonic 100ml,PIXI,10.0,Toner
p00824,Avène Gentle Toner 200ml,Avène,8.63,Toner
p00825,Natio Rosewater & Chamomile Gentle Skin Toner (250ml),Natio,6.8,Toner
p00826,Clinique Clarifying Lotion 2 200ml,Clinique,18.0,Toner
p00827,Clinique Clarifying Lotion 2 400ml,Clinique,28.0,Toner
p00828,PIXI Rose Tonic 250ml,PIXI,18.0,Toner
p00829,Gallinée Prebiotic Face Vinegar 200ml,Gallinée,19.55,Toner
p00830,Sukin Hydrating Mist Toner (125ml),Sukin,7.95,Toner
p00831,Caudalie Grape Water 75ml,Caudalie,6.0,Toner
p00832,La Roche-Posay Soothing Lotion 200ml,La Roche-Posay,12.5,Toner
p00833,NIP+FAB Salicylic Fix Tonic XXL Extreme 2% 190ml,NIP+FAB,19.95,Toner
p00834,PIXI Milky Tonic 100ml,PIXI,10.0,Toner
p00835,L'Oréal Paris Fine Flowers Cleansing Toner 400ml,L'Oréal Paris,5.99,Toner
p00836,Estée Lauder Perfectly Clean Multi-Action Toning Lotion/Refiner 200ml,Estée Lauder,21.6,Toner
p00837,Clinique Clarifying Lotion 3 200ml,Clinique,18.0,Toner
p00838,Clinique Clarifying Lotion 3 400ml,Clinique,28.0,Toner
p00839,Estée Lauder Micro Essence Skin Activating Treatment Lotion Fresh with Sakura Ferment 200ml,Estée Lauder,79.0,Toner
p00840,Lancôme Tonique Confort Toner 200ml,Lancôme,24.3,Toner
p00841,Lancôme Tonique Confort Toner 400ml,Lancôme,37.35,Toner
p00842,OSKIA Floral Water Toner 30ml,OSKIA,14.0,Toner
p00843,First Aid Beauty Ultra Repair Wild Oat Soothing Toner 180ml,First Aid Beauty,19.0,Toner
p00844,Pai Lotus and Orange Blossom BioAffinity Toner 50ml,Pai,30.0,Toner
p00845,Caudalie Moisturising Toner (100ml),Caudalie,9.0,Toner
p00846,Garnier Organic Thyme Toner 150ml,Garnier,5.99,Toner
p00847,DECLÉOR Aroma Cleanse Essential Tonifying Lotion (200ml),DECLÉOR,26.0,Toner
p00848,NUXE Lotion Tonique Douce - Gentle Toning Lotion (200ml),NUXE,15.0,Toner
p00849,REN Clean Skincare Clarimatte Clarifying Toner,REN,18.0,Toner
p00850,Sanctuary Spa Daily Glow Radiance Tonic 150ml,Sanctuary Spa,10.0,Toner
p00851,PIXI Milky Tonic 250ml,PIXI,18.0,Toner
p00852,GLAMGLOW Supertoner 200ml,GLAMGLOW,29.0,Toner
p00853,OSKIA Floral Water Toner 150ml,OSKIA,56.0,Toner
p00854,Neal's Yard Remedies Rehydrating Rose Toner 200ml,Neal's Yard Remedies,16.0,Toner
p00855,Pai Skincare Rice Plant and Rosemary BioAffinity Skin Tonic 50ml,Pai Skincare,30.0,Toner
p00856,Sukin Mist Lavender Toner 125ml,Sukin,7.95,Toner
p00857,Elizabeth Arden Ceramide Purifying Toner (200ml),Elizabeth Arden,25.0,Toner
p00858,Garnier Natural Rose Water Toner for Sensitive Skin 200ml,Garnier,5.99,Toner
p00859,Lancôme Tonique Douceur Toner 200ml,Lancôme,24.3,Toner
p00860,Lancôme Tonique Douceur Toner 400ml,Lancôme,37.35,Toner
p00861,Murad Hydrating Toner 180ml,Murad,25.84,Toner
p00862,NIP+FAB Vitamin C Fix Tonic 100ml,NIP+FAB,19.95,Toner
p00863,Peter Thomas Roth Glycolic Acid 8% Toner,Peter Thomas Roth,34.0,Toner
p00864,NIP+FAB Retinol Fix Tonic Extreme 100ml,NIP+FAB,24.95,Toner
p00865,Darphin Intral Toner (200ml),Darphin,30.0,Toner
p00866,Bobbi Brown Extra Treatment Lotion 150ml,Bobbi Brown,48.5,Toner
p00867,MÁDARA Balancing Toner 200ml,MÁDARA,17.0,Toner
p00868,Natio Rehydrating Toner (200ml),Natio,10.0,Toner
p00869,A'kin Rose Mist Toner 150ml,A'kin,12.5,Toner
p00870,The Organic Pharmacy Herbal Toner 100ml,The Organic Pharmacy,35.0,Toner
p00871,Oh K! SOS PH Balancing Gel Toner,Oh K!,12.0,Toner
p00872,Holika Holika Good Cera Super Ceramide Toner,Holika Holika,19.95,Toner
p00873,The Ritual of Namasté Clarifying Facial Toner,Rituals,11.9,Toner
p00874,Holika Holika Aloe Soothing Essence 98% Toner,Holika Holika,20.95,Toner
p00875,Mavala Clean & Comfort Caress Toning Lotion 200ml,Mavala,10.0,Toner
p00876,Mavala Pore Detox Perfecting Toning Lotion 200ml,Mavala,10.0,Toner
p00877,Weleda Refining Toner (100ml),Weleda,11.95,Toner
p00878,MÁDARA Clarifying Toner 200ml,MÁDARA,17.0,Toner
p00879,Avant Skincare Proactive Mandelic Acid Restoring and Anti-Pollution Toner 200ml,Avant Skincare,76.0,Toner
p00880,Garnier Natural Aloe Extract Toner for Normal Skin 200ml,Garnier,12.99,Toner
p00881,StriVectin Tri-Phase Daily Glow Toner 147ml,StriVectin,29.0,Toner
p00882,Holika Holika Prime Youth Black Snail Repair Toner,Holika Holika,39.95,Toner
p00883,AromaWorks Purity Face Toner 100ml,AromaWorks,12.99,Toner
p00884,RENU Soft Touch Toner 180ml,RENU,29.95,Toner
p00885,Holika Holika AC MILD Toner,Holika Holika,19.95,Toner
p00886,Embryolisse Eau De Beaute Rosamelis - Flower Waters Toner 50ml,Embryolisse,5.99,Toner
p00887,Holika Holika Less On Skin Toner,Holika Holika,21.95,Toner
p00888,By Terry Detoxilyn City Essence Toner,By,62.0,Toner
p00889,First Aid Beauty KP Bump Eraser Body Scrub with 10% AHA 226ml,First Aid Beauty,22.0,Exfoliator
p00890,Neutrogena Refreshingly Clear Daily Exfoliator 150ml,Neutrogena,4.99,Exfoliator
p00891,Frank Body Original Coffee Scrub 200g,Frank Body,12.95,Exfoliator
p00892,Clinique 7 Day Scrub Cream Rinse-Off Formula 100ml,Clinique,21.0,Exfoliator
p00893,Liz Earle Gentle Face Exfoliator 70ml Pump,Liz Earle,16.5,Exfoliator
p00894,Sukin Super Greens Facial Scrub 125ml,Sukin,9.99,Exfoliator
p00895,Avene Gentle Exfoliating Scrub 75ml,Avene,13.0,Exfoliator
p00896,Frank Body Shimmer Scrub 220g,Frank Body,13.95,Exfoliator
p00897,Clinique Exfoliating Scrub 100ml,Clinique,21.0,Exfoliator
p00898,Neutrogena Oil Balancing Daily Exfoliator 150ml,Neutrogena,4.71,Exfoliator
p00899,Frank Body Coconut Coffee Scrub 200g,Frank Body,13.95,Exfoliator
p00900,Neutrogena Hydro Boost Exfoliator Smoothing Gel 150ml,Neutrogena,7.99,Exfoliator
p00901,JASON Brightening Apricot Scrubble (128ml),JASON,5.99,Exfoliator
p00902,Frank Body Original Face Scrub Pouch,Frank Body,4.95,Exfoliator
p00903,Origins Modern Friction™ Exfoliator 75ml,Origins,27.0,Exfoliator
p00904,L'Oréal Paris Smooth Sugars Clearing Sugar Scrub 50ml,L'Oréal Paris,7.99,Exfoliator
p00905,Frank Body Peppermint Scrub 200g,Frank Body,13.95,Exfoliator
p00906,Elizabeth Arden Visible Difference Skin Balancing Exfoliating Cleanser (125ml),Elizabeth Arden,18.0,Exfoliator
p00907,Sanctuary Spa Complexion Perfecting Radiance Mini Exfoliator 15ml,Sanctuary Spa,2.99,Exfoliator
p00908,ELEMIS Superfood Blackcurrant Jelly Exfoliator 50ml,ELEMIS,28.0,Exfoliator
p00909,DECLÉOR Phytopeel - Natural Exfoliating Cream (50ml),DECLÉOR,23.8,Exfoliator
p00910,Frank Body Lip Scrub 15ml,Frank Body,8.95,Exfoliator
p00911,NIP+FAB Glycolic Fix Exfoliating Mask 18g,NIP+FAB,7.0,Exfoliator
p00912,NYX Professional Makeup This is Everything Lip Scrub,NYX Professional Makeup,6.0,Exfoliator
p00913,Garnier Pure Active Daily Energising Gel Scrub for Oily Skin 150ml,Garnier,4.99,Exfoliator
p00914,DECLÉOR 1000 Grain Body Exfoliator (200ml),DECLÉOR,21.0,Exfoliator
p00915,Frank Body Cacao Coffee Scrub 200g,Frank Body,13.95,Exfoliator
p00916,L'Oréal Paris Smooth Sugars Glowing Sugar Scrub 50ml,L'Oréal Paris,7.99,Exfoliator
p00917,Mama Mio The Tummy Rub Scrub 180ml,Mama Mio,18.0,Exfoliator
p00918,Lancôme Confort Hydrating Gentle Sugar Scrub 100ml,Lancôme,27.45,Exfoliator
p00919,Sukin Energising Body Scrub with Coffee and Coconut 200ml,Sukin,11.95,Exfoliator
p00920,benefit Smooth It Off 2-in-1 Facial Cleansing Exfoliator ,benefit,21.5,Exfoliator
p00921,bareMinerals Poreless Exfoliating Essence 150ml,bareMinerals,22.0,Exfoliator
p00922,Frank Body Creamy Face Scrub 125ml,Frank Body,15.95,Exfoliator
p00923,Gallinée Prebiotic Face Mask and Scrub 100ml,Gallinée,15.3,Exfoliator
p00924,Dr Brandt Microdermabrasion Skin Exfoliant (60g),Dr Brandt,64.0,Exfoliator
p00925,Filorga Scrub and Mask 55ml,Filorga,44.0,Exfoliator
p00926,Sanctuary Spa Complexion Perfecting Radiance Exfoliator 100ml,Sanctuary Spa,10.0,Exfoliator
p00927,Indeed Labs Exfoliator II 75g,Indeed Labs,24.99,Exfoliator
p00928,The Ritual of Namasté Skin Brightening Face Exfoliator,Rituals,12.9,Exfoliator
p00929,Natio Gentle Facial Scrub (100g),Natio,10.0,Exfoliator
p00930,NUXE Fondant Body Scrub (200ml),NUXE,18.5,Exfoliator
p00931,DHC Facial Scrub (100g),DHC,16.0,Exfoliator
p00932,L'Oréal Paris Smooth Sugar Wake-Up Coffee Face and Lip Scrub 50ml,L'Oréal Paris,9.99,Exfoliator
p00933,Oh K! Chok Chok Shimmer Face Scrub,Oh K!,10.0,Exfoliator
p00934,Holika Holika Pig Nose Clear Blackhead Cleansing Sugar Scrub,Holika Holika,9.95,Exfoliator
p00935,MAC Mineralize Volcanic Ash Exfoliator,MAC,23.0,Exfoliator
p00936,L'Oréal Paris Smooth Sugars Nourishing Sugar Scrub 50ml,L'Oréal Paris,7.99,Exfoliator
p00937,Natio Dual Action Cleanser And Exfoliator (100g),Natio,12.0,Exfoliator
p00938,Polaar Arctic Cotton Gentle Scrub 50ml,Polaar,25.0,Exfoliator
p00939,Löwengrip Purify my Skin Facial Scrub 75ml,Löwengrip,18.0,Exfoliator
p00940,ilapothecary Powerful Purifying Face Scrub 50g,ilapothecary,27.0,Exfoliator
p00941,Chantecaille Hibiscus and Bamboo Exfoliating Cream,Chantecaille,73.0,Exfoliator
p00942,Avant Skincare Velvet Perfecting Rose Sugar Lip Scrub 10ml,Avant Skincare,58.0,Exfoliator
p00943,Löwengrip Advanced Skin Care Cell Renewal Facial Exfoliant 75ml,Löwengrip,43.0,Exfoliator
p00944,Talika Skintelligence Hydra Face Gentle Scrub 50ml,Talika,27.9,Exfoliator
p00945,INIKA Phytofuse Renew Caviar Lime Exfoliator,INIKA,33.0,Exfoliator
p00946,Westlab Epsom Salt 1kg,Westlab,3.33,Bath Salts
p00947,Westlab Epsom Salt 5kg,Westlab,14.99,Bath Salts
p00948,Westlab Dead Sea Salt 1kg,Westlab,3.33,Bath Salts
p00949,Westlab Dead Sea Salt 5kg,Westlab,14.99,Bath Salts
p00950,Westlab Epsom Salt 2kg,Westlab,5.33,Bath Salts
p00951,Westlab Sleep Bathing Salts 1kg,Westlab,6.99,Bath Salts
p00952,Westlab Himalayan Salt 1kg,Westlab,3.33,Bath Salts
p00953,Westlab Recover Bathing Salts 1kg,Westlab,6.99,Bath Salts
p00954,Westlab Mindful Bathing Salts 1kg,Westlab,6.99,Bath Salts
p00955,Westlab Reviving Epsom Salt Bath Fizzer,Westlab,3.49,Bath Salts
p00956,Westlab Relaxing Dead Sea Salt Bath Fizzer,Westlab,3.49,Bath Salts
p00957,Westlab Cleanse Bathing Salts 1kg,Westlab,6.99,Bath Salts
p00958,Bubble T Summer Fruits Tea Bath Bomb Fizzers (10 x 8g),Bubble,5.99,Bath Salts
p00959,Bubble T Bath Fizzer - Hibiscus & Acai Berry Tea 180g,Bubble,3.0,Bath Salts
p00960,Westlab Himalayan Salt 5kg,Westlab,14.99,Bath Salts
p00961,Westlab Cleansing Himalayan Salt Bath Fizzer,Westlab,3.49,Bath Salts
p00962,AHAVA Liquid Dead Sea Salt 200ml,AHAVA,19.99,Bath Salts
p00963,Sea Magik Salted Turmeric Serenity Salts 1kg,Sea Magik,8.99,Bath Salts
p00964,Sanctuary Spa Exquisite Bath Salts (Rose Radiance) 350g,Sanctuary Spa,16.0,Bath Salts
p00965,Sea Magik Himalayan Spa Salts 1kg,Sea Magik,5.99,Bath Salts
p00966,Bubble T Bath Salts Moroccan Mint Tea 500g,Bubble,4.99,Bath Salts
p00967,Bubble T Bath Salts Hibiscus & Acai Berry Tea 500g,Bubble,4.99,Bath Salts
p00968,Ortigia Fico d'India Bath Salts (500g),Ortigia,22.0,Bath Salts
p00969,Sea Magik Epsom Spa Salts 1kg,Sea Magik,5.99,Bath Salts
p00970,Sea Magik Activated Charcoal Salts 1kg,Sea Magik,8.99,Bath Salts
p00971,Sea Magik Epsom Spa Salts 5kg,Sea Magik,19.95,Bath Salts
p00972,Spa Magik Organiks Sleep Therapy Deep Sleep Lavender Bath Salts,Spa Magik,12.5,Bath Salts
p00973,Cowshed SLEEP Calming Bath Salts,Cowshed,18.0,Bath Salts
p00974,Mauli Himalayan Healing Salts 460g,Mauli,42.0,Bath Salts
p00975,Spa Magik Organiks Muscle Therapy Ache Away Eucalyptus Bath Salts,Spa Magik,12.5,Bath Salts
p00976,L:A BRUKET No. 090 Sea Salt Bath Salt 300g,L:A BRUKET,6.0,Bath Salts
p00977,AHAVA Natural Dead Sea Bath Salts,AHAVA,6.49,Bath Salts
p00978,"L:A BRUKET Marigold, Orange and Geranium Sea Salt Bath 450g",L:A BRUKET,23.0,Bath Salts
p00979,Bubble T Bath Salts Lemongrass & Green Tea 500g,Bubble,4.99,Bath Salts
p00980,ila-spa Bath Salts for Cleansing 500g,ila-spa,39.2,Bath Salts
p00981,Sea Magik Himalayan Spa Salts 5kg,Sea Magik,19.95,Bath Salts
p00982,Westlab Cleansing Shower Wash with Pure Himalayan Salt Minerals 400ml,Westlab,1.99,Body Wash
p00983,Westlab Reviving Shower Wash with Pure Epsom Salt Minerals 400ml,Westlab,1.99,Body Wash
p00984,AMELIORATE Nourishing Body Wash 200ml,AMELIORATE,10.5,Body Wash
p00985,Bulldog Lemon & Bergamot Shower Gel 500ml,Bulldog,3.38,Body Wash
p00986,Molton Brown Coastal Cypress & Sea Fennel Bath and Shower Gel 300ml,Molton Brown,22.0,Body Wash
p00987,Molton Brown Black Peppercorn Body Wash 300ml,Molton Brown,22.0,Body Wash
p00988,Bulldog Peppermint & Eucalyptus Shower Gel 500ml,Bulldog,3.38,Body Wash
p00989,Molton Brown Delicious Rhubarb and Rose Bath and Shower Gel (300ml),Molton Brown,22.0,Body Wash
p00990,Elizabeth Arden White Tea Shower Gel 400ml,Elizabeth Arden,13.0,Body Wash
p00991,Bulldog Original Shower Gel 500ml,Bulldog,3.38,Body Wash
p00992,L'Oréal Paris Men Expert Total Clean Shower Gel 300ml,L'Oréal Paris,2.99,Body Wash
p00993,Molton Brown Fiery Pink Bath and Shower Gel 300ml,Molton Brown,22.0,Body Wash
p00994,Jo Malone London Lime Basil and Mandarin Soap 100g,Jo Malone London,16.0,Body Wash
p00995,ESPA Bergamot and Jasmine Bath and Shower Gel 250ml,ESPA,19.0,Body Wash
p00996,Molton Brown Orange & Bergamot Bath and Shower Gel,Molton Brown,22.0,Body Wash
p00997,Sanctuary Spa Classic Body Wash 250ml,Sanctuary Spa,6.0,Body Wash
p00998,Sukin Botanical Body Wash (500ml),Sukin,9.95,Body Wash
p00999,Molton Brown Russian Leather Bath & Shower Gel 300ml,Molton Brown,22.0,Body Wash
p01000,Burt's Bees Baby Bee Shampoo & Body Wash (236ml),Burt's Bees,8.49,Body Wash
p01001,Bulldog Black Pepper & Vetiver Shower Gel 500ml,Bulldog,3.38,Body Wash
p01002,Rituals The Ritual of Sakura Foaming Shower Gel (200ml),Rituals,8.5,Body Wash
p01003,Molton Brown Jasmine & Sun Rose Bath & Shower Gel,Molton Brown,22.0,Body Wash
p01004,Molton Brown Ylang-Ylang Bath and Shower Gel 300ml,Molton Brown,22.0,Body Wash
p01005,Bioderma Atoderm Shower Gel 1L,Bioderma,13.5,Body Wash
p01006,Molton Brown Tobacco Absolute Bath and Shower Gel (300ml),Molton Brown,22.0,Body Wash
p01007,La Roche-Posay Lipikar Syndet AP(+) Shower Gel 400ml,La Roche-Posay,16.5,Body Wash
p01008,DECLÉOR Luxury Size Neroli Shower Gel 400ml,DECLÉOR,17.5,Body Wash
p01009,Bondi Sands Body Wash - Coconut 500ml,Bondi Sands,7.99,Body Wash
p01010,Molton Brown Eucalyptus Body Wash,Molton Brown,22.0,Body Wash
p01011,Molton Brown Oudh Accord and Gold Body Wash (300ml),Molton Brown,24.0,Body Wash
p01012,Bloom & Blossom George's Candy Floss & Marshmallow Handwash,Bloom & Blossom,3.19,Body Wash
p01013,L'Oréal Paris Men Expert Hydra Power Shower Gel 300ml,L'Oréal Paris,2.99,Body Wash
p01014,Jo Malone London Lime Basil and Mandarin Body and Hand Wash 100ml,Jo Malone London,16.0,Body Wash
p01015,Jo Malone London Lime Basil and Mandarin Body and Hand Wash 250ml,Jo Malone London,32.0,Body Wash
p01016,Aveeno Baby Daily Care Baby Gentle Wash 500ml,Aveeno,6.0,Body Wash
p01017,L'Oréal Paris Men Expert Clean Power Shower Gel 300ml,L'Oréal Paris,2.99,Body Wash
p01018,Weleda Baby Calendula Shampoo and Body Wash (200ml),Weleda,7.95,Body Wash
p01019,Bioderma Pigmentbio Brightening Face and Body Cleanser 200ml,Bioderma,15.0,Body Wash
p01020,Aveeno Daily Moisturising Yogurt Body Wash Vanilla & Oat Scented 300ml,Aveeno,7.82,Body Wash
p01021,Rituals The Ritual of Ayurveda Foaming Shower Gel 200ml,Rituals,8.5,Body Wash
p01022,Bioderma Atoderm Shower Oil 200ml,Bioderma,9.0,Body Wash
p01023,Aveeno Baby Daily Care Hair & Body Wash 500ml,Aveeno,7.99,Body Wash
p01024,Rituals The Ritual of Ayurveda Shower Oil 200ml,Rituals,8.5,Body Wash
p01025,L'Oréal Paris Men Expert Cool Power Shower Gel 300ml,L'Oréal Paris,2.99,Body Wash
p01026,Molton Brown Vetiver & Grapefruit Bath and Shower Gel 300ml,Molton Brown,22.0,Body Wash
p01027,Jo Malone London Pomegranate Noir Body and Hand Wash 100ml,Jo Malone London,16.0,Body Wash
p01028,Jo Malone London Pomegranate Noir Body and Hand Wash 250ml,Jo Malone London,32.0,Body Wash
p01029,Sanctuary Spa Body Wash 75ml,Sanctuary Spa,2.5,Body Wash
p01030,Shea Moisture African Black Soap Soothing Body Wash 384ml,Shea Moisture,11.99,Body Wash
p01031,Jo Malone London Peony and Blush Suede Body and Hand Wash 250ml,Jo Malone London,32.0,Body Wash
p01032,REN Moroccan Rose Otto Body Wash,REN,20.0,Body Wash
p01033,L'Oréal Paris Men Expert Hydra Energetic Shower Gel 300ml,L'Oréal Paris,2.99,Body Wash
p01034,ManCave Cedarwood Shower Gel 200ml,ManCave,3.0,Body Wash
p01035,Aveeno Skin Relief Moisturising Body Wash 500ml,Aveeno,9.99,Body Wash
p01036,Bloom and Blossom The Very Hungry Caterpillar Baby Hair & Body Wash 200ml,Bloom,3.99,Body Wash
p01037,Rituals The Ritual of Happy Buddha Shower Oil 200ml,Rituals,8.5,Body Wash
p01038,Sanctuary Spa Classic 12 Hour Shower Cream 250ml,Sanctuary Spa,6.5,Body Wash
p01039,Aveeno Daily Moisturising Body Wash 300ml,Aveeno,6.99,Body Wash
p01040,DECLÉOR Luxury Size Lavender Shower Gel 400ml,DECLÉOR,17.5,Body Wash
p01041,Pai Skincare Gentle Genius Camellia and Bergamot Body Wash 200ml,Pai Skincare,18.0,Body Wash
p01042,REN Clean Skincare Atlantic Kelp and Magnesium Anti-Fatigue Body Wash 300ml - Ocean Plastic,REN,22.0,Body Wash
p01043,AMELIORATE Nourishing Body Wash 60ml,AMELIORATE,5.0,Body Wash
p01044,Bloom & Blossom James' Sweet Peach Handwash,Bloom & Blossom,3.19,Body Wash
p01045,Bioderma Atoderm Intensive Foaming Gel 500ml,Bioderma,12.8,Body Wash
p01046,Aesop Animal Body Wash 500ml,Aesop,27.0,Body Wash
p01047,ESPA Energising Bath and Shower Gel 250ml,ESPA,22.0,Body Wash
p01048,Molton Brown Bushukan Bath and Shower Gel,Molton Brown,22.0,Body Wash
p01049,JASON Soothing Aloe Vera Body Wash 887ml,JASON,8.24,Body Wash
p01050,DECLÉOR Luxury Size Rose Shower Gel 400ml,DECLÉOR,17.5,Body Wash
p01051,NEOM Tranquillity Body & Hand Wash 250ml,NEOM,18.0,Body Wash
p01052,Aveeno Baby Dermexa Moisturising Wash 300ml,Aveeno,9.99,Body Wash
p01053,ManCave Lemon and Oak Shower Gel 200ml,ManCave,3.0,Body Wash
p01054,Shea Moisture 100% Virgin Coconut Oil Daily Hydration Body Wash 384ml,Shea Moisture,10.99,Body Wash
p01055,JASON Purifying Tea Tree Body Wash 887ml,JASON,10.99,Body Wash
p01056,Molton Brown Milk Musk Bath and Shower Gel 300ml,Molton Brown,22.0,Body Wash
p01057,Molton Brown Flora Luminare Bath & Shower Gel 300ml,Molton Brown,22.0,Body Wash
p01058,Weleda Limted Edition Forest Harmony Shower Wash 200ml,Weleda,7.95,Body Wash
p01059,Shea Moisture Coconut & Hibiscus Illuminating Body Wash 384ml,Shea Moisture,10.99,Body Wash
p01060,Sol de Janeiro Coco Cabana Shower Gel 90ml,Sol de Janeiro,10.0,Body Wash
p01061,Aromatherapy Associates De-Stress Shower Oil 250ml,Aromatherapy Associates,26.0,Body Wash
p01062,Australian Bodycare Body Wash 500ml,Australian Bodycare,17.99,Body Wash
p01063,Rituals The Ritual of Karma Shower Oil 200ml,Rituals,8.5,Body Wash
p01064,OUAI Body Cleanser 300ml,OUAI,24.0,Body Wash
p01065,Aromatherapy Associates Rose Shower Oil 250ml,Aromatherapy Associates,26.0,Body Wash
p01066,Sukin Botanical Lime & Coconut Body Wash 500ml,Sukin,9.95,Body Wash
p01067,Sol de Janeiro Coco Cabana Shower Gel 385ml,Sol de Janeiro,22.0,Body Wash
p01068,Bubble T Shower Gel - Lemongrass & Green Tea 200ml,Bubble,3.0,Body Wash
p01069,L:A BRUKET No. 104 Hand & Body Wash 450ml - Bergamot/Patchouli,L:A BRUKET,27.5,Body Wash
p01070,JASON Glowing Apricot Body Wash 887ml,JASON,10.99,Body Wash
p01071,Elizabeth Arden Green Tea Bath & Shower Gel (200ml),Elizabeth Arden,12.0,Body Wash
p01072,Jo Malone London Myrrh and Tonka Shower Oil 250ml,Jo Malone London,40.0,Body Wash
p01073,Elemis Skin Nourishing Shower Cream 300ml,Elemis,28.0,Body Wash
p01074,Caudalie Soleil des Vignes Shower Gel 200ml,Caudalie,9.0,Body Wash
p01075,Weleda Wild Rose Creamy Body Wash (200ml),Weleda,7.95,Body Wash
p01076,NUXE Rêve de Miel Face and Body Ultra-Rich Cleansing Gel (400ml),NUXE,19.5,Body Wash
p01077,Caudalie Thé des Vignes Shower Gel 200ml,Caudalie,9.0,Body Wash
p01078,L:A BRUKET No. 094 Hand & Body Wash 450ml - Sage/Rosemary/Lavender,L:A BRUKET,27.5,Body Wash
p01079,Elemental Herbology Neroli and Rose Damask Body Wash,Elemental Herbology,12.0,Body Wash
p01080,Aromatherapy Associates Revive Shower Oil 250ml,Aromatherapy Associates,26.0,Body Wash
p01081,Elemis Frangipani Monoi Shower Cream 200ml,Elemis,28.0,Body Wash
p01082,Caudalie Thé des Vignes Shower Gel 100ml,Caudalie,4.5,Body Wash
p01083,NUXE Fondant Shower Gel (200ml),NUXE,10.5,Body Wash
p01084,philosophy Amazing Grace Shower Gel 480ml,philosophy,19.5,Body Wash
p01085,this works Deep Sleep Shower Gel (250ml),This Works,18.0,Body Wash
p01086,Laura Mercier Crème Brûlée Crème Body Wash 200ml,Laura Mercier,33.0,Body Wash
p01087,Bubble T Ice Tea Shower Gel Peach 200ml,Bubble,3.99,Body Wash
p01088,L:A BRUKET No. 069 Hand & Body Wash 450ml - Lemongrass,L:A BRUKET,27.5,Body Wash
p01089,Aromatherapy Associates Relax Body Wash 250ml,Aromatherapy Associates,22.0,Body Wash
p01090,ManCave Sensitive Body Wash 200ml,ManCave,2.99,Body Wash
p01091,Laura Mercier Almond Coconut Body Wash 200ml,Laura Mercier,33.0,Body Wash
p01092,Shea Moisture African Water Mint & Ginger Detox Body Wash 384ml,Shea Moisture,10.99,Body Wash
p01093,Caudalie Rose de Vigne Shower Gel 200ml,Caudalie,9.0,Body Wash
p01094,Weleda Kids 2 in 1 Wash 150ml - Happy Orange,Weleda,5.95,Body Wash
p01095,Bubble T Shower Gel - Hibiscus & Acai Berry Tea 200ml,Bubble,3.0,Body Wash
p01096,Bubble T X Pantone Pink Grapefruit & Peony Shower Gel 200ml,Bubble,3.99,Body Wash
p01097,Cowshed RELAX Calming Bath & Shower Gel 300ml,Cowshed,20.0,Body Wash
p01098,Balance Me Super Moisurising Body Wash 250ml,Balance Me,10.8,Body Wash
p01099,Sea Magik Bath Shower Gel 350ml,Sea Magik,7.35,Body Wash
p01100,SVR Topialyse All-Over Gentle Wash-Off Cleanser -  50ml,SVR,3.0,Body Wash
p01101,Rituals The Ritual of Karma Foaming Shower Gel,Rituals,8.5,Body Wash
p01102,APIVITA Pure Jasmine Mini Shower Gel with Essential Oils 75ml,APIVITA,5.22,Body Wash
p01103,Bubble T Ice Tea Shower Gel Mango 200ml,Bubble,3.99,Body Wash
p01104,Caudalie Fleur de Vigne Shower Gel 100ml,Caudalie,4.5,Body Wash
p01105,Sanctuary Spa Sleep Drift-Off Bath Soak 500ml,Sanctuary Spa,8.0,Bath Oil
p01106,Neom Perfect Night's Sleep Bath & Shower Oil (10ml),Neom,8.0,Bath Oil
p01107,Sanctuary Spa Foaming Bath Soak 75ml,Sanctuary Spa,3.0,Bath Oil
p01108,Aromatherapy Associates Relax Deep Relax Bath & Shower Oil (55ml),Aromatherapy Associates,49.0,Bath Oil
p01109,Weleda Citrus Refreshing Bath Milk (200ml),Weleda,14.95,Bath Oil
p01110,Burt's Bees Baby Bee Bubble Bath (350ml),Burt's Bees,11.49,Bath Oil
p01111,Neal's Yard Remedies Aromatic Foaming Bath 200ml,Neal's Yard Remedies,15.5,Bath Oil
p01112,Weleda Lavender Relaxing Bath Milk (200ml),Weleda,14.95,Bath Oil
p01113,Sanctuary Spa Precious Bath Elixir (Rose Radiance),Sanctuary Spa,12.0,Bath Oil
p01114,Neal's Yard Remedies Soothing Bath Oil 100ml,Neal's Yard Remedies,15.0,Bath Oil
p01115,Neal's Yard Remedies Seaweed and Arnica Foaming Bath 200ml,Neal's Yard Remedies,15.5,Bath Oil
p01116,Aromatherapy Associates De-Stress Muscle Bath & Shower Oil (55ml),Aromatherapy Associates,47.0,Bath Oil
p01117,Weleda Rosemary Invigorating Bath Milk (200ml),Weleda,14.95,Bath Oil
p01118,Molton Brown Jasmine & Sun Rose Bathing Oil 200ml,Molton Brown,40.0,Bath Oil
p01119,Aromatherapy Associates Revive Morning Bath & Shower Oil (55ml),Aromatherapy Associates,48.0,Bath Oil
p01120,Aromatherapy Associates De-Stress Mind Bath & Shower Oil (55ml),Aromatherapy Associates,48.0,Bath Oil
p01121,Aromatherapy Associates Support Equilibrium Bath & Shower Oil (55ml),Aromatherapy Associates,48.0,Bath Oil
p01122,Molton Brown Orange and Bergamot Radiant Body Oil 100ml,Molton Brown,40.0,Bath Oil
p01123,REN Moroccan Rose Otto Bath Oil,REN,32.0,Bath Oil
p01124,Aromatherapy Associates Support Breathe Bath & Shower Oil (55ml),Aromatherapy Associates,47.0,Bath Oil
p01125,Natio Wellness Shower & Bath Gel (275ml),Natio,8.8,Bath Oil
p01126,ilapothecary Beat the Blues Bath and Shower Oil 150ml,ilapothecary,29.0,Bath Oil
p01127,Aromatherapy Associates Revive Evening Bath & Shower Oil 55ml,Aromatherapy Associates,49.0,Bath Oil
p01128,Aromatherapy Associates Inner Strength Bath & Shower Oil (55ml),Aromatherapy Associates,49.0,Bath Oil
p01129,Molton Brown Orange and Bergamot Radiant Bathing Oil 200ml,Molton Brown,40.0,Bath Oil
p01130,Aromatherapy Associates Revive Evening Bath & Shower Oil (55ml),Aromatherapy Associates,49.0,Bath Oil
p01131,ilapothecary Magnesium and Amethyst Deep Relax Bath Soak 400ml,ilapothecary,50.0,Bath Oil
p01132,Little Butterfly London Floating on Clouds Bedtime Bath Milk 250ml,Little Butterfly London,25.5,Bath Oil
p01133,Elemis Life Elixirs Embrace Bath and Shower Elixir 100ml,Elemis,55.0,Bath Oil
p01134,Love Boo Splendidly Soothing Bath Soak (250ml),Love Boo,10.99,Bath Oil
p01135,Elemis Life Elixirs Fortitude Bath and Shower Elixir 100ml,Elemis,55.0,Bath Oil
p01136,Connock London Kukui Oil Soothing Bath & Shower Oil 200ml,Connock London,36.0,Bath Oil
p01137,Weleda Baby Calendula Cream Bath (200ml),Weleda,13.95,Bath Oil
